objid,run,rerun,camcol,field,obj,type,ra,dec,u,g,r,i,z,Err_u,Err_g,Err_r,Err_i,Err_z
587739863643522635,4682,40,6,207,1611,6,259.14454022,43.14280156,20.069326,19.106983,18.914394,18.813284,18.783133,0.047412,0.013255,0.013355,0.015612,0.038133
587739863643523712,4682,40,6,207,2688,6,259.13963382,43.14248829,23.500441,24.102068,22.527868,22.821115,22.460489,0.729478,0.381083,0.158075,0.316441,0.622782
587739863643522562,4682,40,6,207,1538,3,259.13752618,43.15252579,21.345449,20.148687,19.027864,18.485199,18.070375,0.202392,0.024951,0.01444,0.013925,0.033006
587739863643522563,4682,40,6,207,1539,6,259.1383298,43.15339566,21.844879,20.803305,20.43063,20.275555,20.512014,0.183647,0.027925,0.027672,0.036105,0.15911
587739863643522564,4682,40,6,207,1540,6,259.1382917,43.15531078,22.471849,21.388964,20.964285,20.762159,20.631451,0.322881,0.043967,0.042161,0.054643,0.180544
587739863643522598,4682,40,6,207,1574,6,259.13806736,43.14729256,21.493832,20.491362,20.157675,19.975931,19.882832,0.135536,0.024435,0.024166,0.029693,0.091034
587739863643522507,4682,40,6,207,1483,6,259.13635425,43.15967001,25.125654,23.121458,22.612623,22.214279,21.948294,0.920205,0.166034,0.155867,0.176031,0.45857
587739863643522561,4682,40,6,207,1537,6,259.13638767,43.15674967,20.675962,19.749514,19.497866,19.415394,19.356606,0.071786,0.013987,0.014236,0.018408,0.058332
587739863643522573,4682,40,6,207,1549,6,259.13571497,43.15357656,24.264904,23.241194,22.253862,22.103687,21.957336,0.97902,0.183642,0.114662,0.159133,0.45821
587739863643522616,4682,40,6,207,1592,6,259.13540868,43.14316625,19.836691,18.932249,18.716026,18.658592,18.625153,0.039468,8.985439E-3,9.091252E-3,0.011266,0.032696
587739863643522617,4682,40,6,207,1593,6,259.13571924,43.1454869,22.295944,21.072536,20.665298,20.523874,20.402464,0.259697,0.032858,0.031722,0.042148,0.141485
587739863643522618,4682,40,6,207,1594,6,259.13364295,43.14455452,23.829428,22.229834,21.520075,21.304861,20.975616,0.84578,0.081905,0.063393,0.082245,0.230969
587739863643522629,4682,40,6,207,1605,6,259.13253284,43.13972392,20.94416,19.948816,19.711433,19.624586,19.62043,0.088413,0.01569,0.016258,0.021223,0.071856
587739863643523500,4682,40,6,207,2476,6,259.13564315,43.14900979,23.230753,22.007149,21.370718,21.100433,21.210329,0.547674,0.066726,0.054754,0.067453,0.269682
587739863643522497,4682,40,6,207,1473,6,259.13297786,43.16272728,20.628429,19.809893,19.564619,19.511536,19.377514,0.068709,0.014368,0.014804,0.019661,0.058739
587739863643522501,4682,40,6,207,1477,6,259.13473868,43.16122606,22.435486,21.289993,20.876356,20.632866,20.317934,0.292395,0.038253,0.037117,0.045838,0.128309
587739863643522508,4682,40,6,207,1484,6,259.13420871,43.1628891,24.328854,23.212458,22.743013,22.216921,23.040573,1.078864,0.190066,0.185595,0.187474,0.613495
587739863643522552,4682,40,6,207,1528,6,259.1332504,43.15651872,21.23064,20.262873,20.015614,19.972897,19.683168,0.108647,0.018889,0.019809,0.02724,0.07519
587739863643522553,4682,40,6,207,1529,6,259.13094222,43.15669311,20.915573,20.150124,19.900141,19.811329,19.619465,0.086404,0.017687,0.018442,0.024424,0.072215
587739863643522554,4682,40,6,207,1530,6,259.13215353,43.15610822,23.983044,23.805502,22.525717,22.075823,21.542339,0.887691,0.293955,0.147116,0.15927,0.352789
587739863643522572,4682,40,6,207,1548,6,259.13384027,43.15328908,22.046974,20.816385,20.551289,20.341112,20.080158,0.213952,0.027607,0.029292,0.036695,0.106503
587739863643522600,4682,40,6,207,1576,6,259.12998983,43.14422628,21.370007,20.420967,20.104765,19.982578,19.983089,0.125261,0.021395,0.021489,0.028253,0.099594
587739863643522601,4682,40,6,207,1577,6,259.13070785,43.14586878,22.908569,21.587912,21.116564,20.91457,20.632164,0.467942,0.049504,0.046394,0.059901,0.175436
587739863643522619,4682,40,6,207,1595,6,259.13262039,43.14391203,25.022425,23.556566,22.386076,22.696289,22.696737,0.938195,0.235659,0.127907,0.261758,0.590635
587739863643522630,4682,40,6,207,1606,6,259.13101681,43.13980209,21.941074,20.5602,20.108561,19.833317,19.716425,0.194987,0.02304,0.021247,0.024612,0.07786
587739863643522631,4682,40,6,207,1607,6,259.12950594,43.13918679,24.55707,22.828199,22.003111,21.800486,21.197979,1.008437,0.12963,0.092271,0.121651,0.265344
587739863643522632,4682,40,6,207,1608,6,259.13091135,43.13880752,24.453276,23.001852,22.231703,21.790434,21.320379,1.196522,0.171363,0.130537,0.139348,0.335739
587739863643523494,4682,40,6,207,2470,6,259.1314547,43.15067451,22.329605,22.000145,21.448666,21.281385,20.87232,0.274873,0.067874,0.059743,0.080755,0.210484
587739863643523495,4682,40,6,207,2471,6,259.12992126,43.15175872,22.581554,22.378902,21.638336,21.427526,21.231852,0.32363,0.089872,0.068181,0.089103,0.273975
587739863643523789,4682,40,6,207,2765,6,259.13144301,43.15436253,24.979891,23.572214,22.949884,21.90955,21.963058,1.054916,0.256503,0.2215,0.144721,0.494667
587739863643521620,4682,40,6,207,596,6,259.12522452,43.16051164,20.550915,19.703894,19.452351,19.323679,19.353912,0.065317,0.013511,0.013783,0.017181,0.057621
587739863643521624,4682,40,6,207,600,3,259.12705889,43.16773582,22.166914,21.658703,20.60154,20.237972,20.061441,0.396761,0.079315,0.046064,0.053685,0.17202
587739863643521626,4682,40,6,207,602,6,259.1273716,43.16570039,23.096729,22.203104,21.442122,21.232075,20.611738,0.580976,0.086907,0.065262,0.085178,0.184363
587739863643521629,4682,40,6,207,605,3,259.12782795,43.16511764,24.166592,23.699594,23.151138,21.950895,22.210436,0.960216,0.262262,0.245357,0.139806,0.520082
587739863643521633,4682,40,6,207,609,3,259.12589397,43.16404689,25.658169,23.373558,22.079039,22.024183,22.086481,1.110067,0.316528,0.152607,0.235953,0.77971
587739863643521654,4682,40,6,207,630,6,259.12384628,43.15251241,19.080444,18.171711,17.885828,17.770414,17.669443,0.024582,6.523765E-3,6.203439E-3,7.100811E-3,0.016541
587739863643521655,4682,40,6,207,631,6,259.12604846,43.15326128,21.169897,20.373119,20.061737,19.966669,19.76462,0.105402,0.020295,0.020523,0.027224,0.080823
587739863643521656,4682,40,6,207,632,6,259.12748841,43.15381069,22.810146,22.522678,21.911062,21.378103,21.693104,0.426883,0.107738,0.091282,0.090341,0.410654
587739863643521657,4682,40,6,207,633,6,259.12913639,43.15458443,23.646221,22.410244,21.866056,21.729115,21.382008,0.764772,0.092496,0.082348,0.115071,0.309364
587739863643521658,4682,40,6,207,634,6,259.12791821,43.15264353,24.406694,22.910213,22.0362,21.697224,22.498016,1.025053,0.14029,0.09559,0.11244,0.575337
587739863643521659,4682,40,6,207,635,6,259.12630839,43.15427597,23.292479,22.558353,22.061079,21.983044,21.599764,0.619663,0.109743,0.101952,0.151425,0.383237
587739863643521660,4682,40,6,207,636,3,259.12659865,43.15201425,23.372019,22.69849,21.89448,21.552858,21.812918,0.903227,0.165058,0.120544,0.143303,0.601763
587739863643522500,4682,40,6,207,1476,6,259.13042296,43.16181579,21.278774,20.488043,20.281034,20.061457,20.118519,0.113176,0.021796,0.023887,0.029227,0.108414
587739863643522502,4682,40,6,207,1478,6,259.13092274,43.16233004,23.796301,22.379498,21.570532,21.389832,20.961267,0.83674,0.097391,0.068826,0.091208,0.227892
587739863643522504,4682,40,6,207,1480,6,259.13011886,43.16302764,24.823618,22.845093,22.308348,21.831186,21.760799,1.006715,0.132408,0.120411,0.126436,0.406332
587739863643522575,4682,40,6,207,1551,6,259.12599213,43.14986836,21.582523,20.814735,20.418516,20.314672,20.274889,0.144822,0.027214,0.026199,0.035362,0.123455
587739863643522576,4682,40,6,207,1552,6,259.12867721,43.15000636,21.846558,21.040998,20.695013,20.524405,20.327345,0.184095,0.032514,0.032777,0.042715,0.132139
587739863643522589,4682,40,6,207,1565,6,259.12708397,43.14780218,21.274389,20.516571,20.198935,20.091492,19.911531,0.112795,0.02238,0.022599,0.029681,0.090541
587739863643522591,4682,40,6,207,1567,3,259.12254928,43.14416246,20.66464,19.688667,19.370113,19.285334,19.191076,0.079827,0.014084,0.013962,0.018209,0.056555
587739863643522592,4682,40,6,207,1568,6,259.12162225,43.14331375,22.606506,21.653048,21.201292,20.838614,20.638186,0.346903,0.05092,0.04842,0.054374,0.169673
587739863643522602,4682,40,6,207,1578,3,259.12137948,43.14115646,22.153656,20.684278,20.276917,20.161339,20.040852,0.301271,0.029581,0.028455,0.038661,0.1273
587739863643522612,4682,40,6,207,1588,6,259.12543125,43.14010263,20.516533,19.651234,19.42494,19.337826,19.238047,0.063623,0.013078,0.013533,0.01725,0.052286
587739863643522613,4682,40,6,207,1589,6,259.12582646,43.13924362,23.155197,22.808767,22.26882,21.814314,21.277401,0.52918,0.129203,0.115898,0.123877,0.282344
587739863643522614,4682,40,6,207,1590,6,259.12403151,43.14180744,23.653093,23.260231,22.382212,22.341721,21.529133,0.807735,0.199832,0.136033,0.208956,0.367992
587739863643522633,4682,40,6,207,1609,3,259.12810668,43.14052379,23.112677,22.966963,21.912754,21.677458,21.903143,0.783725,0.214992,0.127841,0.167101,0.665976
587739863643522792,4682,40,6,207,1768,6,259.12188717,43.14671187,22.098244,21.46192,21.141188,21.078732,20.857248,0.223171,0.043643,0.045461,0.065805,0.200613
587739863643523482,4682,40,6,207,2458,6,259.12717043,43.1563461,22.492723,21.43614,20.926626,20.805616,20.692144,0.317053,0.043544,0.039188,0.053833,0.180518
587739863643523483,4682,40,6,207,2459,6,259.12717115,43.15776326,24.073368,22.355682,21.781357,21.563395,21.216606,1.006021,0.094098,0.082622,0.107756,0.290397
587739863643523484,4682,40,6,207,2460,6,259.12780764,43.15884455,24.134617,23.406996,22.554554,21.893957,21.652468,1.12142,0.244566,0.172698,0.156535,0.44148
587739863643523513,4682,40,6,207,2489,6,259.12413308,43.13781608,25.332769,23.018499,22.204094,21.839567,21.384527,0.912107,0.165351,0.118811,0.136599,0.335406
587739863643523520,4682,40,6,207,2496,3,259.12442681,43.13507554,22.349857,21.994295,21.288651,20.661577,20.078037,0.432272,0.097998,0.076351,0.070416,0.160372
587739863643523715,4682,40,6,207,2691,3,259.12813708,43.13752171,22.729307,23.109827,21.373823,20.715994,20.329741,0.462174,0.197225,0.065537,0.058396,0.155937
587739863643521509,4682,40,6,207,485,6,259.11883055,43.17871898,21.547844,18.828024,17.298243,16.282593,15.705301,0.142708,8.546369E-3,5.046049E-3,4.382997E-3,5.985824E-3
587739863643521510,4682,40,6,207,486,3,259.11749899,43.17395157,23.681686,20.629936,19.36043,18.484701,18.011038,0.969842,0.027261,0.014592,0.011318,0.024094
587739863643521513,4682,40,6,207,489,6,259.11975142,43.18066233,20.698317,19.901962,19.626089,19.493605,19.468002,0.07314,0.015125,0.01544,0.019423,0.063191
587739863643521515,4682,40,6,207,491,6,259.11858489,43.17531436,21.655371,20.782501,20.3841,20.221453,20.268127,0.166789,0.027843,0.026959,0.035165,0.130944
587739863643521516,4682,40,6,207,492,3,259.1221418,43.18190658,20.281891,19.393936,18.802141,18.479116,18.54899,0.155294,0.027189,0.021209,0.027136,0.111328
587739863643521520,4682,40,6,207,496,3,259.11610662,43.17385157,23.632547,22.739368,21.579987,20.910625,21.890377,1.636328,0.245556,0.134167,0.119283,0.932498
587739863643521616,4682,40,6,207,592,6,259.12090087,43.16216825,15.816237,14.198566,13.553479,13.237763,13.519489,7.481525E-3,3.382778E-3,2.069729E-3,1.182967E-3,5.342791E-3
587739863643521617,4682,40,6,207,593,6,259.12091258,43.16199196,16.752125,15.666189,15.876547,18.898033,15.344939,8.968405E-3,4.484829E-3,0.012899,0.051679,7.434916E-3
587739863643521618,4682,40,6,207,594,3,259.12073162,43.16245925,24.608139,18.381527,17.307505,19.896193,22.787462,1.199904,0.024842,0.018234,0.084315,3.257028
587739863643521619,4682,40,6,207,595,6,259.11466897,43.15916208,19.305929,18.355364,18.102667,17.996332,17.938618,0.028633,6.989177E-3,6.780727E-3,7.922768E-3,0.019829
587739863643521621,4682,40,6,207,597,6,259.12214813,43.15669194,20.807396,19.999941,19.703838,19.618616,19.539806,0.080019,0.016125,0.016208,0.021225,0.067228
587739863643521622,4682,40,6,207,598,6,259.11763381,43.16405342,21.15641,20.173489,19.799295,19.648664,19.483276,0.117293,0.019128,0.018621,0.023849,0.071964
587739863643521623,4682,40,6,207,599,6,259.12163624,43.15871973,23.198959,21.724739,21.086412,20.845375,20.673561,0.56336,0.055099,0.0453,0.056763,0.180309
587739863643521625,4682,40,6,207,601,6,259.11475013,43.16122617,22.854506,21.742216,21.131449,20.998974,20.594748,0.474973,0.059394,0.050057,0.069194,0.180988
587739863643521627,4682,40,6,207,603,6,259.12295679,43.15939669,25.806601,23.216352,21.963781,22.355766,20.745518,0.853215,0.24395,0.123297,0.274264,0.246308
587739863643521628,4682,40,6,207,604,3,259.1227668,43.16513835,25.980083,23.00589,21.118509,20.535027,20.881617,1.576867,0.400302,0.112772,0.110381,0.558525
587739863643521630,4682,40,6,207,606,6,259.11598705,43.16516203,24.35358,22.705698,22.036316,21.797192,21.673218,1.021011,0.117844,0.095475,0.122702,0.4007
587739863643521631,4682,40,6,207,607,3,259.12124796,43.16524488,22.959345,23.630854,21.92115,20.991226,21.177965,0.803828,0.430949,0.154891,0.1066,0.45187
587739863643521632,4682,40,6,207,608,6,259.11486177,43.16568471,23.076035,23.023815,22.353912,21.816917,21.925508,0.527402,0.160496,0.130624,0.130665,0.468097
587739863643521634,4682,40,6,207,610,6,259.12303678,43.16417578,25.194561,25.155962,23.43067,23.868708,20.984129,0.924075,0.515961,0.314717,0.583592,0.232823
587739863643521668,4682,40,6,207,644,6,259.11556293,43.14834663,18.054638,16.941479,16.542643,16.254761,16.119215,0.014154,4.59448E-3,4.236132E-3,4.36648E-3,7.149621E-3
587739863643521669,4682,40,6,207,645,6,259.11383113,43.14782689,21.283188,20.465351,20.158604,20.004938,20.017473,0.116442,0.021804,0.022008,0.028078,0.10032
587739863643522405,4682,40,6,207,1381,6,259.11492369,43.17054435,21.763474,20.064241,19.217194,18.882437,18.64257,0.170571,0.016757,0.011961,0.012868,0.032793
587739863643522406,4682,40,6,207,1382,6,259.11704499,43.17139729,22.712051,21.490242,20.939215,20.799891,20.665541,0.378732,0.044782,0.039093,0.052923,0.173406
587739863643522437,4682,40,6,207,1413,6,259.12483163,43.17150719,21.536978,20.517057,20.202747,20.074883,19.899509,0.139916,0.02227,0.02256,0.029493,0.089687
587739863643522438,4682,40,6,207,1414,6,259.12280122,43.1712997,24.476538,22.898674,21.389565,20.614437,20.279081,1.04735,0.139186,0.055997,0.045302,0.124513
587739863643522515,4682,40,6,207,1491,6,259.11934193,43.15726442,21.37233,20.375906,20.081635,19.912632,19.826349,0.124981,0.020416,0.020929,0.026413,0.086176
587739863643522516,4682,40,6,207,1492,3,259.11701496,43.15682228,23.171843,23.491423,21.931229,20.63031,20.07926,0.731221,0.300969,0.115258,0.059631,0.137638
587739863643522517,4682,40,6,207,1493,3,259.11831587,43.15858096,22.677401,22.404776,21.581823,20.580256,22.015478,1.240774,0.290676,0.210114,0.13933,1.590863
587739863643522543,4682,40,6,207,1519,6,259.11515722,43.15424962,20.762238,19.92415,19.62772,19.54442,19.379574,0.079023,0.015619,0.015766,0.029462,0.059386
587739863643522577,4682,40,6,207,1553,6,259.11245796,43.14493027,21.186783,20.403566,20.153423,19.995325,19.894255,0.11176,0.021399,0.022675,0.028194,0.091546
587739863643522593,4682,40,6,207,1569,6,259.12020821,43.1450125,24.730408,23.466421,22.457771,21.94919,22.002586,1.12854,0.236788,0.146352,0.15122,0.507451
587739863643522596,4682,40,6,207,1572,6,259.10973638,43.13917928,21.029799,20.34605,20.045439,19.912632,19.902842,0.097058,0.020274,0.020448,0.02637,0.091707
587739863643522597,4682,40,6,207,1573,6,259.11202181,43.13843592,23.08662,22.886816,22.090048,21.735949,21.954922,0.505464,0.137321,0.09934,0.115065,0.452977
587739863643522604,4682,40,6,207,1580,6,259.11508558,43.13889595,20.055044,19.141951,18.930124,18.879686,18.79178,0.046449,0.010015,0.010167,0.012791,0.036394
587739863643522605,4682,40,6,207,1581,6,259.11550043,43.13974506,23.349533,22.281044,21.517271,21.181986,21.108595,0.612898,0.087708,0.063223,0.07229,0.248602
587739863643522606,4682,40,6,207,1582,6,259.11840917,43.14183946,22.915058,22.269371,21.774824,21.634562,20.982586,0.490714,0.089996,0.083631,0.116243,0.247486
587739863643522607,4682,40,6,207,1583,6,259.11554055,43.14069048,24.25255,22.526545,22.154015,21.829201,21.387959,0.999399,0.102854,0.105201,0.124472,0.308696
587739863643522608,4682,40,6,207,1584,6,259.11652507,43.14099916,24.600546,22.863718,21.909033,21.65905,21.311686,1.137839,0.143611,0.090437,0.114222,0.311772
587739863643522609,4682,40,6,207,1585,6,259.1137868,43.13950265,24.118555,23.046356,22.640697,22.250746,21.962677,0.953067,0.157389,0.158559,0.17865,0.456113
587739863643522624,4682,40,6,207,1600,6,259.11005942,43.1346172,21.525274,20.786417,20.438976,20.277464,20.348749,0.155762,0.028311,0.028404,0.036641,0.143182
587739863643522625,4682,40,6,207,1601,6,259.10861732,43.13477908,24.625164,22.511362,22.039993,21.727158,21.641964,1.062983,0.102511,0.09712,0.116779,0.38144
587739863643522627,4682,40,6,207,1603,6,259.10841553,43.13263984,25.269987,23.085796,22.337643,21.893822,21.472809,0.920283,0.17568,0.131962,0.142642,0.355656
587739863643522784,4682,40,6,207,1760,3,259.11163945,43.16256123,23.055885,22.35886,21.444057,20.452919,20.066591,0.634275,0.108847,0.071279,0.04836,0.12651
587739863643522785,4682,40,6,207,1761,6,259.11253049,43.16410126,23.904438,21.559017,21.092911,20.853983,20.769688,0.89176,0.047415,0.044505,0.055725,0.190193
587739863643522790,4682,40,6,207,1766,6,259.114005,43.15109746,22.164993,21.026718,20.654291,20.521479,20.288769,0.250285,0.032397,0.032035,0.042771,0.128895
587739863643523409,4682,40,6,207,2385,3,259.12345173,43.17717532,22.991222,21.607634,20.91304,20.743252,20.547464,0.586328,0.059017,0.046138,0.062908,0.196408
587739863643523417,4682,40,6,207,2393,3,259.12166695,43.17549956,25.093773,22.713085,21.969456,21.710508,22.473431,1.48237,0.172806,0.132543,0.168899,0.850999
587739863643523433,4682,40,6,207,2409,6,259.12755775,43.1724184,24.421238,23.288273,23.841255,22.426481,22.614117,1.039606,0.190755,0.404694,0.211353,0.585883
587739863643523437,4682,40,6,207,2413,6,259.12785172,43.17059002,24.280546,22.168526,21.727558,21.601091,21.754332,1.006423,0.07583,0.073889,0.104266,0.402769
587739863643523440,4682,40,6,207,2416,6,259.12252879,43.16792024,23.11763,23.043196,22.836315,22.090082,20.996391,0.523528,0.158105,0.191272,0.160762,0.230552
587739863643523477,4682,40,6,207,2453,6,259.11129901,43.15389129,24.975222,22.529312,22.021187,21.695757,21.619965,1.004596,0.1044,0.096362,0.114252,0.374318
587739863643523489,4682,40,6,207,2465,3,259.10876265,43.14623373,25.191301,23.079391,21.985876,21.57357,22.521343,1.129183,0.198515,0.113006,0.124144,0.716976
587739863643523504,4682,40,6,207,2480,6,259.10915449,43.13657158,23.108921,22.223166,21.589851,21.385479,21.231102,0.549466,0.082748,0.067917,0.089017,0.284924
587739863643523507,4682,40,6,207,2483,6,259.11454747,43.13611896,22.272156,21.253279,20.802708,20.695772,20.388155,0.259961,0.037319,0.034917,0.047699,0.135959
587739863643523508,4682,40,6,207,2484,6,259.11658421,43.1369656,23.215761,22.556574,21.860466,21.744633,21.026997,0.577725,0.108972,0.085399,0.120882,0.243219
587739863643523509,4682,40,6,207,2485,3,259.11285922,43.13535258,24.705193,22.891991,22.155285,22.545292,21.649431,1.07177,0.145171,0.110614,0.243389,0.393771
587739863643523511,4682,40,6,207,2487,6,259.11889712,43.13705612,23.895872,22.630854,21.992245,21.725708,21.335867,0.901,0.1146,0.094459,0.118015,0.305286
587739863643523516,4682,40,6,207,2492,6,259.11549657,43.13296432,23.692543,23.541382,22.39978,21.194824,20.462885,0.777726,0.232367,0.128854,0.072021,0.144075
587739863643523517,4682,40,6,207,2493,3,259.11304422,43.1324888,23.913528,21.517139,20.984348,20.618629,20.31286,1.617311,0.073935,0.065965,0.076241,0.218667
587739863643523519,4682,40,6,207,2495,6,259.11806246,43.13323498,23.107044,22.538465,22.102896,21.542294,21.477716,0.513814,0.103835,0.10156,0.098346,0.334166
587739863643523700,4682,40,6,207,2676,3,259.11679743,43.16784863,26.03517,23.124788,21.75915,22.05855,21.799788,1.17447,0.346815,0.157203,0.328185,0.879945
587739863643523706,4682,40,6,207,2682,3,259.11617316,43.1521348,25.949244,23.679232,22.368958,21.811001,22.384247,0.600988,0.286453,0.13988,0.13684,0.61285
587739863643523709,4682,40,6,207,2685,3,259.11628085,43.14509596,25.243784,23.365664,22.079786,22.2216,20.860115,1.556548,0.34501,0.167244,0.303674,0.340424
587739863643521373,4682,40,6,207,349,6,259.10184592,43.19565325,17.767849,16.607143,16.113716,15.902204,15.769488,0.012031,4.303995E-3,3.915717E-3,4.146525E-3,6.129605E-3
587739863643521374,4682,40,6,207,350,6,259.10294334,43.19681822,20.559999,19.615601,19.371483,19.256775,19.157898,0.067116,0.012971,0.013277,0.016728,0.048746
587739863643521375,4682,40,6,207,351,6,259.1021356,43.19724165,24.341948,21.46579,20.004068,19.222193,18.7607,1.05024,0.044371,0.019833,0.016249,0.035556
587739863643521508,4682,40,6,207,484,6,259.11341386,43.17791362,15.571925,15.689366,13.029603,12.787359,13.408141,7.059464E-3,0.012521,1.422611E-3,9.892969E-4,6.062424E-3
587739863643521511,4682,40,6,207,487,3,259.10564436,43.18235261,22.133402,20.032051,18.98204,18.525642,18.182987,0.281832,0.017923,0.011243,0.011347,0.026545
587739863643521512,4682,40,6,207,488,6,259.11402888,43.18665963,20.574932,19.730284,19.471245,19.367561,19.248983,0.067466,0.013702,0.013935,0.017749,0.052793
587739863643521514,4682,40,6,207,490,3,259.11206393,43.17303751,21.165464,20.300545,19.704203,19.367805,19.224936,0.126143,0.021385,0.017913,0.020126,0.061225
587739863643521517,4682,40,6,207,493,6,259.10562707,43.18104877,23.56131,21.47657,21.064196,20.729574,20.751171,0.794846,0.047259,0.04646,0.054179,0.209498
587739863643521518,4682,40,6,207,494,3,259.10982689,43.17623689,21.606827,22.721384,21.163572,20.825632,20.834211,0.339139,0.27247,0.101521,0.122404,0.476107
587739863643521519,4682,40,6,207,495,6,259.11308139,43.18520066,22.975916,21.657072,21.212593,20.857409,21.382645,0.538088,0.056176,0.054236,0.063104,0.350046
587739863643521521,4682,40,6,207,497,3,259.11035317,43.18190983,25.6471,23.222836,22.110022,21.903809,22.124277,1.214046,0.299503,0.171007,0.228284,0.839651
587739863643521522,4682,40,6,207,498,3,259.1111526,43.1805767,23.115377,22.328972,24.815424,24.325434,21.057596,0.806564,0.127629,0.886495,0.956967,0.359509
587739863643521523,4682,40,6,207,499,3,259.10764438,43.18267738,25.656801,23.121515,22.277483,21.692059,21.445356,1.036679,0.240211,0.170968,0.1665,0.470232
587739863643521524,4682,40,6,207,500,3,259.10915352,43.18084372,24.769136,22.982918,22.003677,21.572206,21.378805,1.558564,0.212006,0.134226,0.148956,0.442765
587739863643521525,4682,40,6,207,501,3,259.10792826,43.17903182,25.622465,24.822168,24.216827,21.119419,24.360132,1.800214,1.184234,1.211961,0.16167,0.638664
587739863643521526,4682,40,6,207,502,3,259.11359053,43.1747853,22.966446,24.441383,22.795771,21.44043,23.19977,0.997242,0.912307,0.386318,0.188732,1.174186
587739863643521527,4682,40,6,207,503,3,259.11324716,43.18217306,24.007175,24.723015,23.096098,21.431873,23.468094,3.047088,1.497703,0.712971,0.256202,1.485028
587739863643521663,4682,40,6,207,639,6,259.09325726,43.14282515,19.351587,17.410948,16.532032,16.115856,15.803656,0.029661,5.152876E-3,4.2244E-3,4.274322E-3,6.242593E-3
587739863643521664,4682,40,6,207,640,6,259.09316987,43.14426699,21.047098,19.573059,19.059996,18.857178,18.699123,0.097201,0.012726,0.010961,0.012619,0.034057
587739863643521665,4682,40,6,207,641,3,259.09481848,43.14423913,23.623985,22.11105,21.126205,20.792074,20.495289,1.085491,0.099759,0.060869,0.072008,0.208051
587739863643521672,4682,40,6,207,648,6,259.09868202,43.1369981,16.461979,15.208201,15.392596,15.44202,15.469695,6.933374E-3,3.822675E-3,3.732446E-3,3.870426E-3,5.553135E-3
587739863643521673,4682,40,6,207,649,6,259.09973582,43.13456046,23.586864,21.823618,21.235027,21.075357,21.150368,0.791193,0.061305,0.051883,0.069191,0.274484
587739863643522292,4682,40,6,207,1268,6,259.12147394,43.18668238,20.813042,19.821831,19.523434,19.438581,19.363708,0.081844,0.014635,0.014616,0.019117,0.059405
587739863643522293,4682,40,6,207,1269,6,259.11871528,43.18573367,24.33889,22.83407,21.855827,21.609041,21.628653,1.027138,0.132928,0.083517,0.106825,0.374558
587739863643522350,4682,40,6,207,1326,6,259.09179471,43.17202482,22.86256,20.871925,19.79965,19.366058,19.148453,0.433494,0.030642,0.019679,0.020371,0.049273
587739863643522429,4682,40,6,207,1405,6,259.11194383,43.16900705,20.217741,19.318295,19.123095,19.014774,18.919153,0.051887,0.010887,0.011313,0.013991,0.040293
587739863643522430,4682,40,6,207,1406,6,259.11041922,43.16875724,23.062164,22.944643,22.010181,21.959532,21.8004,0.63105,0.18323,0.117932,0.180901,0.531636
587739863643522442,4682,40,6,207,1418,6,259.09550855,43.16133449,20.732235,19.78257,19.50034,19.415123,19.34771,0.077516,0.014403,0.014314,0.018382,0.057093
587739863643522443,4682,40,6,207,1419,6,259.09597856,43.16043455,21.158726,20.24036,19.957294,19.840971,19.857405,0.107907,0.019137,0.019416,0.02499,0.087552
587739863643522444,4682,40,6,207,1420,6,259.09654528,43.16088836,21.7416,20.93244,20.615688,20.35289,20.221054,0.175828,0.030937,0.031738,0.03717,0.118002
587739863643522445,4682,40,6,207,1421,6,259.09680317,43.15851462,25.59697,22.236809,21.695072,21.444616,21.341082,0.718986,0.082619,0.073413,0.09217,0.306174
587739863643522452,4682,40,6,207,1428,6,259.10088767,43.16143923,22.627008,21.123615,20.742174,20.556255,20.327747,0.355919,0.03519,0.033561,0.043054,0.129016
587739863643522466,4682,40,6,207,1442,6,259.1052018,43.16097518,20.188765,19.326441,19.116299,19.033247,18.98036,0.050997,0.011118,0.011529,0.014879,0.041979
587739863643522488,4682,40,6,207,1464,6,259.08852343,43.15147225,21.38781,20.338905,20.039448,19.941126,19.789968,0.129516,0.020224,0.020766,0.02934,0.082197
587739863643522540,4682,40,6,207,1516,6,259.10166577,43.15062977,20.941057,19.977909,19.687078,19.59182,19.450953,0.093474,0.016068,0.016163,0.021008,0.063519
587739863643522541,4682,40,6,207,1517,6,259.10108386,43.15199247,23.474171,22.670933,22.008123,21.709492,21.822889,0.772359,0.128264,0.103926,0.126783,0.472613
587739863643522557,4682,40,6,207,1533,6,259.10037428,43.14525713,21.256811,18.693239,17.281504,16.415157,15.905514,0.116324,8.154232E-3,5.053162E-3,4.552563E-3,6.496452E-3
587739863643522558,4682,40,6,207,1534,6,259.09890457,43.14431497,23.054609,21.421608,21.045465,20.75177,20.333143,0.513575,0.042974,0.042935,0.050916,0.130746
587739863643522559,4682,40,6,207,1535,6,259.09915178,43.14542991,23.706202,22.388498,22.171097,22.268015,21.959085,0.798906,0.092172,0.107848,0.182614,0.45426
587739863643522594,4682,40,6,207,1570,6,259.08667764,43.13261661,20.912802,19.94894,19.698044,19.563808,19.510798,0.090423,0.015961,0.016418,0.020333,0.064819
587739863643522621,4682,40,6,207,1597,6,259.10395253,43.1332454,21.307108,20.41391,20.175684,20.01985,19.919268,0.120336,0.021069,0.022134,0.028036,0.09096
587739863643522622,4682,40,6,207,1598,6,259.10257471,43.13238089,23.545044,22.005274,21.361746,21.1499,20.755857,0.769176,0.071124,0.057597,0.074714,0.197628
587739863643522626,4682,40,6,207,1602,3,259.10762865,43.13407321,25.016174,22.876995,22.11301,21.785604,21.153429,1.00203,0.142892,0.106827,0.126094,0.269692
587739863643522636,4682,40,6,207,1612,6,259.09425425,43.12574897,21.145201,20.355299,20.042479,19.935179,19.759975,0.105495,0.020496,0.021127,0.027413,0.079298
587739863643522638,4682,40,6,207,1614,6,259.10132074,43.12727379,20.505529,19.524515,19.298332,19.206606,19.175007,0.064661,0.012327,0.012573,0.01573,0.049798
587739863643522639,4682,40,6,207,1615,6,259.10105154,43.12607579,24.325941,23.012035,22.442444,22.138821,21.932116,1.050922,0.15577,0.137926,0.164991,0.456942
587739863643522692,4682,40,6,207,1668,6,259.09160615,43.167264,24.705469,21.766699,20.433615,19.09041,18.281883,1.056433,0.056097,0.028393,0.015701,0.02697
587739863643522695,4682,40,6,207,1671,6,259.08881146,43.15789106,22.835794,21.394642,20.159563,19.617273,19.180511,0.441098,0.04287,0.022362,0.021461,0.050801
587739863643522696,4682,40,6,207,1672,6,259.09058485,43.15844923,23.856525,22.591936,21.340197,20.067444,19.271421,0.911031,0.111333,0.05503,0.029818,0.054447
587739863643522697,4682,40,6,207,1673,6,259.08965265,43.15607997,23.255896,21.889284,21.454342,21.244999,20.94706,0.628624,0.063727,0.061754,0.079664,0.228576
587739863643522698,4682,40,6,207,1674,6,259.08799855,43.15501289,24.571293,22.399372,21.730686,21.385441,21.090218,1.053267,0.092005,0.073724,0.084879,0.243734
587739863643522726,4682,40,6,207,1702,6,259.08861363,43.13574804,23.688328,22.175697,20.814749,19.497561,18.739113,0.806985,0.080363,0.036368,0.020047,0.036176
587739863643522786,4682,40,6,207,1762,6,259.11022353,43.1617796,23.381086,21.60709,21.085577,20.885763,20.580801,0.640005,0.049155,0.043995,0.056775,0.161374
587739863643522787,4682,40,6,207,1763,6,259.11002884,43.16384919,22.176132,21.714043,21.219307,20.907394,21.365967,0.241696,0.052829,0.048497,0.057289,0.304559
587739863643522788,4682,40,6,207,1764,6,259.11110641,43.16486548,26.05768,23.819857,22.309919,21.675867,21.509779,0.499839,0.292662,0.122171,0.111991,0.343903
587739863643522791,4682,40,6,207,1767,6,259.10484758,43.14190019,21.861532,21.072248,20.681465,20.461527,20.309105,0.190367,0.033217,0.03231,0.040087,0.128566
587739863643522793,4682,40,6,207,1769,6,259.08942123,43.12681265,23.703718,23.146927,22.398489,21.977932,21.609451,0.792449,0.17075,0.129529,0.140722,0.362125
587739863643523235,4682,40,6,207,2211,3,259.104205,43.20184896,22.053207,22.715029,22.740088,22.480587,21.121532,0.314153,0.167167,0.252245,0.323672,0.356019
587739863643523251,4682,40,6,207,2227,6,259.10895746,43.20158105,24.837215,23.213417,22.585741,22.59889,22.300667,1.040041,0.17731,0.15222,0.242999,0.529737
587739863643523270,4682,40,6,207,2246,6,259.11031021,43.19979811,22.761208,21.660706,21.183426,20.885284,20.836546,0.386512,0.05034,0.047173,0.056591,0.195536
587739863643523308,4682,40,6,207,2284,6,259.1030054,43.19281968,24.148516,22.445343,21.860693,21.467955,21.194708,1.00113,0.096227,0.083404,0.093858,0.26752
587739863643523317,4682,40,6,207,2293,6,259.11095369,43.19332493,25.0135,22.849276,22.259134,21.664135,21.281498,0.982684,0.131557,0.115339,0.109874,0.282077
587739863643523321,4682,40,6,207,2297,6,259.0999914,43.18908048,23.962902,23.394279,22.608316,22.066422,22.030396,0.908872,0.20822,0.155877,0.156001,0.474151
587739863643523332,4682,40,6,207,2308,6,259.10794479,43.18917946,23.118149,22.888231,22.10948,21.493547,21.865545,0.525365,0.13909,0.10312,0.096098,0.437469
587739863643523333,4682,40,6,207,2309,6,259.11873017,43.19242466,23.318787,22.346842,21.694927,21.591257,21.336077,0.623648,0.08988,0.074546,0.106884,0.305099
587739863643523361,4682,40,6,207,2337,3,259.10948308,43.18521611,25.701666,23.248436,22.511574,22.143808,21.966606,0.728362,0.198447,0.153901,0.179346,0.493507
587739863643523375,4682,40,6,207,2351,6,259.09645797,43.17693386,22.905138,21.651604,21.138134,20.940573,20.826715,0.465252,0.051766,0.046949,0.061005,0.201667
587739863643523376,4682,40,6,207,2352,6,259.09805933,43.17718132,22.835825,21.680504,21.204515,21.006683,20.622162,0.424737,0.05184,0.048272,0.062809,0.165313
587739863643523430,4682,40,6,207,2406,6,259.09816005,43.16472802,23.870628,22.08917,21.4603,21.277311,20.941496,0.871148,0.071147,0.059002,0.078002,0.213983
587739863643523431,4682,40,6,207,2407,6,259.09524836,43.16379335,25.649279,22.725645,22.080555,21.741264,21.150398,0.691507,0.123367,0.101383,0.119207,0.261453
587739863643523434,4682,40,6,207,2410,6,259.10644893,43.16467882,22.538248,21.621355,21.131361,20.884264,20.685324,0.331189,0.04994,0.045807,0.057,0.176951
587739863643523445,4682,40,6,207,2421,6,259.09963003,43.15933737,23.951052,22.264122,21.710848,21.404701,21.53227,0.929576,0.084021,0.073962,0.088835,0.350737
587739863643523454,4682,40,6,207,2430,6,259.10363068,43.15660443,24.084398,23.211948,22.901812,22.206402,21.285894,0.953383,0.179406,0.197804,0.173157,0.281658
587739863643523456,4682,40,6,207,2432,3,259.08347379,43.14879572,26.493277,22.627838,22.13553,21.923264,21.791044,0.431982,0.135487,0.125576,0.167662,0.499387
587739863643523458,4682,40,6,207,2434,6,259.10332125,43.15436447,24.187208,21.765989,21.273632,21.078228,20.484518,0.989194,0.055113,0.050642,0.065733,0.14639
587739863643523460,4682,40,6,207,2436,3,259.09840699,43.1533971,23.435711,21.378571,20.895367,20.584427,20.728855,0.874581,0.051093,0.047447,0.056072,0.228871
587739863643523465,4682,40,6,207,2441,6,259.09034877,43.14898346,23.207438,21.966188,21.343159,21.048306,21.179197,0.646286,0.07233,0.059668,0.072134,0.296373
587739863643523476,4682,40,6,207,2452,6,259.08537958,43.14569365,23.675655,21.892691,20.700237,20.238031,19.840588,0.798513,0.062365,0.032791,0.033572,0.086284
587739863643523478,4682,40,6,207,2454,6,259.10477225,43.1512642,22.381546,21.388241,20.987999,20.831987,20.593931,0.300668,0.04232,0.041476,0.055311,0.167379
587739863643523479,4682,40,6,207,2455,6,259.09627379,43.14841636,23.725,21.74452,21.205147,21.032869,21.030445,0.820237,0.055037,0.048302,0.063756,0.234265
587739863643523480,4682,40,6,207,2456,3,259.08919684,43.1461876,25.888687,22.801197,22.192774,21.672152,20.923843,0.736281,0.161145,0.135905,0.138104,0.266554
587739863643523492,4682,40,6,207,2468,6,259.095461,43.13944636,23.94939,22.459021,21.946512,21.364464,21.67506,0.993888,0.104325,0.095683,0.09049,0.415549
587739863643523502,4682,40,6,207,2478,6,259.08444402,43.12838094,22.848291,21.883602,21.461014,21.100691,20.871681,0.431301,0.060783,0.059042,0.066473,0.202009
587739863643523503,4682,40,6,207,2479,6,259.0823886,43.13018486,25.082537,22.70557,22.210514,21.755821,21.91363,1.020048,0.12766,0.118075,0.124702,0.475618
587739863643523505,4682,40,6,207,2481,3,259.08321494,43.12613822,22.904579,22.748608,22.030294,22.147825,21.513899,0.638832,0.168616,0.132143,0.231639,0.473086
587739863643523510,4682,40,6,207,2486,6,259.09916211,43.13066409,22.668556,22.005869,21.502743,21.258474,21.014229,0.36752,0.067262,0.060775,0.075771,0.228198
587739863643523512,4682,40,6,207,2488,3,259.09582501,43.12874646,23.63228,22.649597,21.915262,21.475744,21.096912,0.88829,0.133163,0.099299,0.107708,0.28734
587739863643523514,4682,40,6,207,2490,6,259.08312706,43.1243268,22.426605,21.419168,21.055029,20.874199,20.635578,0.307607,0.042938,0.043051,0.055709,0.168616
587739863643523518,4682,40,6,207,2494,6,259.09163643,43.12527692,23.486656,23.080902,22.508297,22.017252,22.138891,0.731643,0.173296,0.15073,0.156059,0.531069
587739863643523671,4682,40,6,207,2647,6,259.11181355,43.19653509,23.354355,23.470831,22.337234,21.850958,21.904671,0.632636,0.222388,0.125943,0.131751,0.446547
587739863643523689,4682,40,6,207,2665,6,259.09806088,43.16860434,25.794773,23.83201,22.606979,21.985464,21.331251,0.672965,0.322049,0.169801,0.159184,0.323536
587739863643523691,4682,40,6,207,2667,3,259.09488699,43.16708395,22.964584,23.367527,22.411928,21.920509,21.662716,0.583827,0.247847,0.16013,0.167496,0.460831
587739863643523697,4682,40,6,207,2673,6,259.1090815,43.16671077,23.522892,24.144758,22.613024,22.595032,21.791374,0.698675,0.358846,0.155743,0.240536,0.411847
587739863643523699,4682,40,6,207,2675,6,259.08493595,43.15798311,23.307755,23.991789,22.707401,22.702032,22.327444,0.609984,0.326189,0.168274,0.259478,0.539459
587739863643523701,4682,40,6,207,2677,6,259.10384855,43.16330876,22.905367,23.421638,22.43379,22.032215,21.802015,0.445912,0.210258,0.133664,0.1501,0.413514
587739863643523703,4682,40,6,207,2679,6,259.10594253,43.15700001,23.512835,23.373974,22.402386,22.550791,22.297495,0.697498,0.201925,0.129659,0.230493,0.535019
587739863643523704,4682,40,6,207,2680,6,259.09329067,43.15069128,23.754177,23.404882,22.356331,22.282074,21.265324,0.911315,0.232783,0.138321,0.204988,0.308301
587739863643523708,4682,40,6,207,2684,3,259.09727483,43.14234184,26.014528,22.920464,22.330282,22.090569,22.249138,0.771838,0.200963,0.175307,0.227136,0.761934
587739863643523710,4682,40,6,207,2686,6,259.09402215,43.13551556,24.357767,24.452801,22.536474,21.646856,20.604698,1.030024,0.424138,0.144653,0.105597,0.161663
587739863643523713,4682,40,6,207,2689,3,259.10560719,43.13154557,24.14785,23.250231,22.244347,21.804983,21.689577,1.424235,0.264857,0.16015,0.175654,0.547804
587739863643523714,4682,40,6,207,2690,3,259.10196511,43.12985685,25.491425,23.467176,21.846399,21.54104,20.803234,0.784886,0.230341,0.084689,0.101469,0.201854
587739863643523787,4682,40,6,207,2763,6,259.10128658,43.17132156,24.951025,25.660175,23.109449,21.025082,19.809111,1.028092,0.443466,0.240408,0.064666,0.084512
587739863643523788,4682,40,6,207,2764,3,259.10420795,43.14570592,22.442366,23.646086,22.456131,21.272093,20.678095,0.474197,0.393275,0.210504,0.120676,0.264624
587739863643652193,4682,40,6,209,97,6,259.22174335,42.99835691,18.633884,17.715431,17.486668,17.404871,17.418619,0.019104,5.530166E-3,5.374929E-3,6.088146E-3,0.013957
587739863643652573,4682,40,6,209,477,6,259.22495917,43.00117897,20.001644,19.148766,18.904438,18.817722,18.826748,0.044511,9.84805E-3,9.942872E-3,0.012475,0.037308
587739863643652575,4682,40,6,209,479,6,259.22650389,43.00134692,23.076756,22.329433,21.676184,21.645878,20.697205,0.562889,0.092656,0.077146,0.12289,0.195418
587742633347842279,5327,40,5,13,231,6,259.09605074,43.09160544,20.493723,19.637054,19.361061,19.273933,19.294754,0.065242,0.013735,0.013824,0.017204,0.045105
587742633347842281,5327,40,5,13,233,3,259.09416704,43.09230681,24.276672,24.45505,22.347939,22.107862,21.711929,1.184357,0.592703,0.16464,0.196422,0.359697
587742633347842448,5327,40,5,13,400,6,259.08664364,43.11339268,21.056789,19.936552,19.693674,19.644783,19.528927,0.099642,0.016836,0.01773,0.022881,0.054519
587742633347842477,5327,40,5,13,429,6,259.08993379,43.10113342,21.591927,20.572495,20.178118,20.066916,20.053967,0.15694,0.025871,0.024661,0.031211,0.083531
587742633347842478,5327,40,5,13,430,3,259.09094212,43.10038614,22.859728,21.689907,20.958138,20.729565,20.664419,0.537262,0.072432,0.054023,0.065214,0.172179
587742633347842492,5327,40,5,13,444,6,259.09808739,43.09408903,21.133949,20.276136,19.863012,19.729523,19.780489,0.107768,0.020999,0.019579,0.024199,0.067472
587742633347842736,5327,40,5,13,688,6,259.10425436,43.07421474,21.83918,20.961323,20.494804,20.365334,20.328617,0.197036,0.034825,0.031533,0.0399,0.106387
587742633347843070,5327,40,5,13,1022,3,259.09937204,43.08390182,25.561848,23.545225,21.305838,20.46088,19.959291,0.847014,0.325446,0.067596,0.048202,0.088038
587742633347843071,5327,40,5,13,1023,3,259.09713883,43.08358714,25.372679,23.388023,22.289841,22.271837,21.636032,1.001214,0.301958,0.167648,0.244961,0.367659
587742633347843120,5327,40,5,13,1072,6,259.11191625,43.07084773,22.492401,21.62672,21.05183,20.891724,20.920212,0.334127,0.057967,0.048826,0.060888,0.171608
587742633347843338,5327,40,5,13,1290,6,259.08955886,43.10322408,23.811998,25.380688,22.702433,23.131538,21.716179,0.899401,0.613787,0.199994,0.400571,0.316732
587742633347843356,5327,40,5,13,1308,6,259.09498106,43.0983951,25.67239,23.297871,22.137001,20.763111,19.960514,0.704953,0.234798,0.122386,0.054658,0.077494
587742633347843394,5327,40,5,13,1346,6,259.10378715,43.07639424,24.166018,23.142717,22.314606,21.760199,21.346273,1.09005,0.215124,0.149362,0.134776,0.253397
587742633347843546,5327,40,5,13,1498,3,259.10720338,43.07588829,25.023857,24.531719,23.392632,21.838036,21.818195,1.28523,0.705443,0.452978,0.17995,0.44433
587742633347907784,5327,40,5,14,200,6,259.11690064,43.05925087,19.989565,17.429029,16.108923,15.502063,15.160792,0.045361,4.768567E-3,3.481862E-3,3.496225E-3,4.475513E-3
587742633347907798,5327,40,5,14,214,6,259.12048683,43.05605311,20.662605,19.811361,19.468956,19.389141,19.335455,0.076403,0.015717,0.015024,0.019342,0.047649
587742633347907799,5327,40,5,14,215,6,259.11732803,43.05508844,21.170485,20.190102,19.730513,19.577631,19.615147,0.114925,0.020553,0.018154,0.022206,0.059796
587742633347907800,5327,40,5,14,216,6,259.12180306,43.05431868,23.29936,22.206295,21.659288,21.385138,21.172462,0.65135,0.095972,0.08114,0.093715,0.211375
587742633347907801,5327,40,5,14,217,6,259.11629979,43.05519159,25.192345,24.79155,22.669724,21.091299,20.37306,0.963381,0.622379,0.196238,0.07345,0.108574
587742633347908174,5327,40,5,14,590,6,259.1113747,43.06410146,21.929974,21.636066,21.034422,20.699791,20.883476,0.2392,0.067195,0.054704,0.06073,0.195899
587742633347908296,5327,40,5,14,712,6,259.11660453,43.06425762,22.348639,21.47468,20.964689,20.705627,20.836948,0.303031,0.052595,0.045876,0.053298,0.162491
587742633347908346,5327,40,5,14,762,3,259.12498272,43.04993877,24.129637,23.067894,22.099047,21.854273,21.608685,1.118426,0.214188,0.127877,0.154732,0.323164
587739863643521264,4682,40,6,207,240,6,259.10232664,43.20987193,18.625452,17.103086,16.607738,16.274136,16.128302,0.019523,4.794541E-3,4.339241E-3,4.586544E-3,9.041651E-3
587739863643521298,4682,40,6,207,274,6,259.07568569,43.194004,19.290895,18.353184,18.074682,17.967546,17.902609,0.028836,7.142275E-3,6.810317E-3,8.18026E-3,0.02023
587739863643521479,4682,40,6,207,455,6,259.08074828,43.17519817,19.443819,18.262339,17.858274,17.731424,17.631351,0.032331,6.816555E-3,6.727508E-3,7.119485E-3,0.01643
587739863643521886,4682,40,6,207,862,6,259.09625513,43.21723526,22.240221,20.957125,20.459501,20.266636,20.297579,0.255373,0.029908,0.027059,0.034344,0.124621
587739863643521937,4682,40,6,207,913,6,259.09088168,43.20784486,20.063091,19.074532,18.869143,18.780087,18.736958,0.046971,9.579269E-3,9.847033E-3,0.012134,0.034986
587739863643521938,4682,40,6,207,914,3,259.08901653,43.2093792,24.219906,23.875446,21.916388,21.119066,20.708315,1.253085,0.366556,0.104866,0.083627,0.216751
587739863643521941,4682,40,6,207,917,6,259.09834031,43.20893359,21.196693,20.242416,19.923801,19.815733,19.742111,0.109227,0.01902,0.019688,0.025835,0.079203
587739863643521991,4682,40,6,207,967,6,259.10248027,43.20594828,21.064821,20.258305,19.935726,19.832193,19.698074,0.099836,0.018889,0.018891,0.02493,0.076354
587739863643521992,4682,40,6,207,968,3,259.09981664,43.20542169,21.939051,21.06039,20.642885,20.460449,20.203499,0.243956,0.036962,0.036161,0.047854,0.145375
587739863643522005,4682,40,6,207,981,6,259.08233155,43.19594611,22.370834,20.341307,19.61207,19.279211,19.112232,0.296129,0.02019,0.015391,0.016907,0.047888
587739863643522006,4682,40,6,207,982,6,259.08250535,43.19782626,21.23019,20.362389,20.083719,19.922203,19.7815,0.113878,0.020181,0.020895,0.02658,0.081049
587739863643522007,4682,40,6,207,983,6,259.08062479,43.19743074,21.266516,20.519413,20.11751,19.91452,19.834047,0.116631,0.022349,0.02127,0.026237,0.084375
587739863643522008,4682,40,6,207,984,6,259.07997478,43.19493164,24.047016,21.772369,21.043886,20.554237,20.428783,0.979783,0.056426,0.043114,0.044029,0.142173
587739863643522122,4682,40,6,207,1098,6,259.08868671,43.18943269,23.498926,22.201653,21.104517,20.060976,19.48774,0.709085,0.079597,0.045371,0.029203,0.063487
587739863643522123,4682,40,6,207,1099,6,259.08578833,43.19015465,21.561737,20.680193,20.289759,20.078119,20.039198,0.157448,0.025692,0.024906,0.030993,0.105567
587739863643522124,4682,40,6,207,1100,6,259.08829726,43.1898761,22.535961,21.08234,20.557304,20.566463,20.705166,0.395003,0.037136,0.033023,0.051497,0.208315
587739863643522125,4682,40,6,207,1101,6,259.09042744,43.19415061,22.460104,21.197117,20.728621,20.549086,20.079258,0.318686,0.036358,0.033866,0.044137,0.106635
587739863643522126,4682,40,6,207,1102,3,259.08673244,43.1936926,25.79225,24.527111,24.353256,21.5681,20.423416,1.033479,0.704834,0.845012,0.160558,0.215443
587739863643522139,4682,40,6,207,1115,6,259.08112956,43.18719042,21.546263,20.570286,20.195578,20.036631,19.993711,0.153062,0.024057,0.027425,0.030329,0.099978
587739863643522152,4682,40,6,207,1128,6,259.06899155,43.18215015,20.547386,19.737783,19.469864,19.373877,19.185331,0.067418,0.014152,0.014151,0.018465,0.04989
587739863643522187,4682,40,6,207,1163,6,259.06938293,43.17987315,21.225359,20.29648,19.984415,19.867739,19.727983,0.115276,0.022168,0.021846,0.027564,0.078828
587739863643522232,4682,40,6,207,1208,6,259.08670739,43.18306751,20.978838,19.921499,19.668102,19.599991,19.511688,0.093675,0.015612,0.017604,0.021501,0.065097
587739863643522236,4682,40,6,207,1212,6,259.09357729,43.18447548,22.156927,21.075531,20.585493,20.453932,20.134239,0.246463,0.033716,0.030182,0.040494,0.110818
587739863643522249,4682,40,6,207,1225,6,259.08960054,43.1797668,22.287174,20.995718,20.583183,20.35091,20.130314,0.277491,0.031864,0.030481,0.037728,0.112324
587739863643522295,4682,40,6,207,1271,6,259.07890691,43.17266261,21.291,18.708366,17.602816,17.195877,16.905851,0.119079,8.329203E-3,5.720558E-3,9.249674E-3,0.0118
587739863643522370,4682,40,6,207,1346,6,259.07511473,43.1627828,22.540258,20.129894,18.674061,17.390057,16.679287,0.33992,0.017633,8.93718E-3,6.078198E-3,9.306984E-3
587739863643522371,4682,40,6,207,1347,6,259.07429504,43.1647767,24.14241,22.667892,21.768375,21.263115,21.142733,1.0218,0.118485,0.078578,0.079119,0.260933
587739863643522392,4682,40,6,207,1368,6,259.08384597,43.16385635,20.753414,19.882303,19.553595,19.396946,19.278694,0.079306,0.015132,0.014739,0.018079,0.054108
587739863643522393,4682,40,6,207,1369,6,259.08524546,43.16321975,21.928631,20.873194,20.454823,20.291868,20.361612,0.208971,0.02935,0.027837,0.03597,0.137781
587739863643522431,4682,40,6,207,1407,6,259.07749968,43.15753931,20.923576,20.091537,19.778748,19.646023,19.717072,0.090554,0.017484,0.017338,0.022168,0.078668
587739863643522434,4682,40,6,207,1410,6,259.08129549,43.15791054,21.650566,20.788008,20.379839,20.244905,20.083181,0.156047,0.026921,0.025502,0.033176,0.103811
587739863643522435,4682,40,6,207,1411,6,259.07986403,43.15916937,25.877794,23.402708,22.373882,22.307989,22.344177,0.642276,0.230633,0.139113,0.208382,0.594555
587739863643522440,4682,40,6,207,1416,6,259.06856191,43.15263323,23.380182,20.662579,19.310356,17.979204,17.255703,0.63867,0.025075,0.013787,8.137194E-3,0.012755
587739863643522544,4682,40,6,207,1520,6,259.07567024,43.14142752,21.729975,20.65196,20.372181,20.20347,20.160557,0.171186,0.025495,0.026067,0.032602,0.112494
587739863643522566,4682,40,6,207,1542,3,259.08089617,43.13782246,22.388111,20.068119,18.748564,18.283815,17.927082,0.590893,0.025892,0.012947,0.013157,0.032453
587739863643522567,4682,40,6,207,1543,6,259.07852527,43.13794798,21.660652,20.678658,20.359377,20.248714,20.075062,0.162614,0.025238,0.02538,0.03363,0.104554
587739863643522570,4682,40,6,207,1546,6,259.07665944,43.13438876,24.070625,22.035231,21.437056,21.177452,20.780493,1.024801,0.071241,0.060124,0.074274,0.196911
587739863643522689,4682,40,6,207,1665,6,259.06876036,43.16152221,22.85833,21.197271,20.252592,19.863008,19.763374,0.436076,0.036492,0.023586,0.02525,0.080442
587739863643522690,4682,40,6,207,1666,3,259.06982508,43.16064422,25.07258,23.223658,21.78721,20.634495,20.199488,1.127429,0.213412,0.089571,0.052437,0.134349
587739863643522693,4682,40,6,207,1669,6,259.06871995,43.15681961,23.943554,21.861195,20.452881,19.682678,19.181438,0.946934,0.061884,0.028921,0.022961,0.05053
587739863643522773,4682,40,6,207,1749,6,259.08380026,43.16967787,21.809595,21.074909,20.60216,20.45067,20.551558,0.184427,0.033176,0.0304,0.03989,0.157102
587739863643522774,4682,40,6,207,1750,6,259.08278728,43.16868881,23.537374,23.347389,22.634859,21.995678,22.089104,0.714062,0.201078,0.158223,0.144776,0.487047
587739863643523134,4682,40,6,207,2110,6,259.10131426,43.21815443,22.550871,21.723417,21.2363,20.886936,20.459396,0.328697,0.053759,0.049934,0.057635,0.144315
587739863643523142,4682,40,6,207,2118,6,259.0850714,43.21058965,25.388752,23.171568,21.890848,21.568665,21.108957,0.838409,0.175399,0.08581,0.102756,0.248771
587739863643523199,4682,40,6,207,2175,6,259.09051616,43.20319303,23.540249,22.093102,21.575533,21.381308,20.914968,0.702332,0.070976,0.064708,0.086037,0.209112
587739863643523200,4682,40,6,207,2176,6,259.09124582,43.20559399,22.955515,23.287209,22.278255,21.897173,21.407139,0.514268,0.209248,0.129479,0.147657,0.34324
587739863643523221,4682,40,6,207,2197,6,259.09546504,43.20214081,23.544825,22.70385,21.56094,21.389353,21.567724,0.744186,0.121484,0.066073,0.089614,0.364335
587739863643523230,4682,40,6,207,2206,6,259.09275296,43.19985461,22.610516,22.963089,21.98027,21.568773,21.31184,0.451999,0.188671,0.116163,0.131719,0.377134
587739863643523231,4682,40,6,207,2207,6,259.10294313,43.20323552,22.662027,23.002537,22.550482,22.632133,21.653978,0.447059,0.188535,0.183952,0.316955,0.46986
587739863643523242,4682,40,6,207,2218,6,259.08016883,43.19300586,24.436546,22.70126,21.906082,21.808784,21.658123,1.077626,0.119638,0.086904,0.126244,0.379465
587739863643523259,4682,40,6,207,2235,6,259.07900615,43.19070816,24.709938,22.668831,22.743666,22.043455,23.124214,1.043356,0.114736,0.173247,0.150813,0.550249
587739863643523282,4682,40,6,207,2258,6,259.06938436,43.18481714,24.210514,22.533171,21.203396,20.460833,19.747145,1.034936,0.10524,0.049113,0.040652,0.079868
587739863643523283,4682,40,6,207,2259,6,259.07041815,43.18599513,26.119267,24.176132,22.463718,21.082075,20.713169,0.772798,0.578237,0.215023,0.102459,0.273906
587739863643523284,4682,40,6,207,2260,6,259.07903806,43.1879165,24.779419,22.997599,23.300123,23.209442,22.302574,1.126383,0.163037,0.295488,0.423543,0.579029
587739863643523294,4682,40,6,207,2270,3,259.07379859,43.18510652,24.663527,22.267538,21.324886,21.228827,22.439325,2.221761,0.157291,0.101021,0.150065,1.151055
587739863643523310,4682,40,6,207,2286,6,259.08568236,43.18600852,22.322309,21.598454,21.22773,20.961365,20.667105,0.282562,0.049484,0.050047,0.061546,0.175061
587739863643523322,4682,40,6,207,2298,3,259.06702475,43.17783668,25.80307,22.033596,21.45467,21.055334,21.44261,0.866975,0.090848,0.078642,0.088059,0.443508
587739863643523339,4682,40,6,207,2315,6,259.07808975,43.17814081,24.329006,22.141672,21.515133,21.332201,21.270521,1.065136,0.075893,0.062911,0.083577,0.284487
587739863643523355,4682,40,6,207,2331,3,259.0694917,43.17324941,22.705893,22.503881,21.544508,21.203695,20.855782,0.661533,0.164338,0.10596,0.12374,0.33902
587739863643523356,4682,40,6,207,2332,3,259.07169695,43.17410447,24.17905,22.966505,22.258467,21.6299,22.54006,1.052293,0.155265,0.12171,0.111558,0.606785
587739863643523368,4682,40,6,207,2344,3,259.09007175,43.17700327,24.696695,22.398521,21.856276,21.343899,21.254623,1.223292,0.104205,0.092735,0.094638,0.32191
587739863643523369,4682,40,6,207,2345,6,259.08809821,43.17684353,23.597404,22.83884,22.117348,21.747107,22.5072,0.785294,0.13842,0.10753,0.123019,0.597594
587739863643523372,4682,40,6,207,2348,6,259.07374248,43.16974619,22.41987,21.448437,20.966631,20.701639,20.563221,0.307059,0.04435,0.040696,0.0493,0.160979
587739863643523403,4682,40,6,207,2379,6,259.07069092,43.1637566,26.617523,22.709549,21.94593,21.763777,21.56715,0.378442,0.143449,0.106214,0.144402,0.426831
587739863643523413,4682,40,6,207,2389,6,259.07882412,43.16285301,23.062469,23.013081,23.046251,22.81218,21.778971,0.511418,0.153538,0.223177,0.285723,0.408503
587739863643523422,4682,40,6,207,2398,6,259.07570043,43.1594093,24.817457,22.543465,21.63759,21.606157,21.840031,1.458063,0.138126,0.091854,0.139879,0.573451
587739863643523423,4682,40,6,207,2399,6,259.08464124,43.16062999,22.361929,21.596373,21.059013,20.876991,20.607256,0.286597,0.048817,0.042781,0.055511,0.16316
587739863643523435,4682,40,6,207,2411,6,259.07162895,43.15359776,22.542311,21.459795,21.032082,20.821918,20.588491,0.330208,0.043868,0.04187,0.053009,0.1602
587739863643523436,4682,40,6,207,2412,3,259.07771137,43.15458313,22.20314,20.433378,19.371599,18.99564,18.777905,0.552257,0.038396,0.022451,0.025268,0.072564
587739863643523447,4682,40,6,207,2423,3,259.08027621,43.15223858,21.456373,20.269232,19.602919,19.370722,19.094955,0.246792,0.028167,0.022623,0.028699,0.081771
587739863643523448,4682,40,6,207,2424,6,259.07138635,43.14826193,25.440598,23.175842,22.399019,22.077251,21.890324,0.796473,0.178308,0.132508,0.157348,0.44144
587739863643523637,4682,40,6,207,2613,3,259.09386213,43.21518148,25.894264,23.674686,22.17061,21.611387,20.897249,0.729271,0.313968,0.130196,0.129366,0.253769
587739863643523642,4682,40,6,207,2618,6,259.08688238,43.21164288,25.070044,23.556675,22.512478,22.517279,21.288702,0.952734,0.233688,0.142995,0.227304,0.284008
587739863643523647,4682,40,6,207,2623,3,259.1027205,43.21292976,25.424976,23.390076,22.198124,21.62689,21.614202,1.197259,0.291229,0.154361,0.150855,0.522342
587739863643523648,4682,40,6,207,2624,3,259.09502713,43.20873246,23.903858,23.823328,22.16486,21.989601,22.485352,1.123829,0.361174,0.133157,0.183232,0.722453
587739863643523656,4682,40,6,207,2632,6,259.08571634,43.20127989,26.191849,23.181431,22.190123,21.964718,21.534044,0.60037,0.226735,0.142167,0.188796,0.447201
587739863643523674,4682,40,6,207,2650,6,259.08247149,43.1828781,23.056953,23.310087,22.652557,22.281563,21.604506,0.533193,0.205086,0.170402,0.197104,0.383109
587739863643523677,4682,40,6,207,2653,3,259.0743571,43.17766446,24.090727,23.413042,22.132536,21.82732,22.229572,1.222655,0.264042,0.128493,0.158998,0.658068
587739863643523680,4682,40,6,207,2656,6,259.08511451,43.18067104,25.591785,23.690157,22.253031,21.379007,21.050362,0.722485,0.265948,0.117037,0.087056,0.23831
587739863643523800,4682,40,6,207,2776,3,259.08140281,43.20128775,24.247623,23.013922,22.304104,22.5369,22.276402,1.643106,0.239996,0.191255,0.375314,0.843375
587739863643523814,4682,40,6,207,2790,3,259.07150235,43.14353402,23.621111,22.686207,22.287205,21.208082,21.887003,2.174043,0.318296,0.341436,0.2139,1.233749
587739863643652194,4682,40,6,209,98,6,259.22429936,42.99588476,19.041605,18.114082,17.787216,17.650503,17.599669,0.024183,6.330756E-3,5.992393E-3,6.758776E-3,0.015568
587739863643652213,4682,40,6,209,117,6,259.20857115,42.99145725,19.799639,18.824793,18.614222,18.534544,18.56053,0.039743,8.481384E-3,8.591978E-3,0.010546,0.030505
587739863643652214,4682,40,6,209,118,6,259.20925067,42.99061736,22.553129,20.391392,19.829655,19.620729,19.71578,0.346075,0.020455,0.017409,0.02162,0.077043
587739863643652643,4682,40,6,209,547,6,259.19287059,42.9870955,21.034464,20.282207,19.949907,19.834686,19.678288,0.098325,0.018897,0.019976,0.025286,0.07405
587739863643652661,4682,40,6,209,565,6,259.21236732,42.99135158,21.181042,20.162943,19.890045,19.751467,19.769794,0.108093,0.017769,0.01887,0.024929,0.079876
587739863643652684,4682,40,6,209,588,6,259.22294246,42.99372722,21.781591,20.993279,20.593597,20.267662,20.426674,0.183419,0.030664,0.030382,0.034945,0.139113
587739863643652707,4682,40,6,209,611,6,259.20809646,42.98571384,21.149767,20.143791,19.830227,19.699295,19.62569,0.108394,0.017269,0.017325,0.022738,0.071451
587739863643652708,4682,40,6,209,612,6,259.20952398,42.98693645,25.233141,22.519714,21.78194,21.478495,21.182051,0.89943,0.097928,0.075777,0.095187,0.257602
587739863643652733,4682,40,6,209,637,6,259.21788903,42.9869459,23.853045,20.393854,18.937408,18.114084,17.645529,0.884325,0.020065,0.010104,8.440378E-3,0.016131
587739863643652734,4682,40,6,209,638,6,259.21709563,42.98811493,23.554811,21.85207,21.280529,21.069756,20.968391,0.749557,0.058387,0.051474,0.069051,0.224385
587739863643652858,4682,40,6,209,762,6,259.23707888,42.97766678,21.387833,20.533722,20.189777,20.06242,19.96563,0.125153,0.022172,0.022871,0.033832,0.093966
587739863643653201,4682,40,6,209,1105,6,259.22673463,42.98698019,23.062244,21.30237,20.070417,19.475843,19.207291,0.499889,0.037819,0.020371,0.019403,0.050713
587739863643653202,4682,40,6,209,1106,3,259.22818911,42.98608957,23.349283,22.307196,21.265432,20.941019,20.928225,0.853782,0.109296,0.064886,0.080611,0.287011
587739863643653357,4682,40,6,209,1261,6,259.21961785,42.98950579,22.149809,21.268351,20.809496,20.591366,20.426126,0.238465,0.036708,0.034765,0.045365,0.139414
587739863643653360,4682,40,6,209,1264,6,259.22658299,42.98940086,22.166847,21.414663,20.901825,20.784788,20.493612,0.256797,0.042849,0.039314,0.056396,0.157831
587739863643653361,4682,40,6,209,1265,6,259.2288125,42.9902757,23.503473,22.688608,22.098419,22.063091,21.692621,0.696078,0.111815,0.09914,0.158163,0.383691
587739863643653363,4682,40,6,209,1267,6,259.21212926,42.98237593,22.061831,21.270369,20.752708,20.585579,20.45178,0.230348,0.037287,0.033676,0.045792,0.144302
587739863643653364,4682,40,6,209,1268,3,259.21410706,42.98370344,22.958002,22.268337,21.168272,20.751276,20.295534,0.776355,0.127297,0.071057,0.082302,0.205023
587739863643653454,4682,40,6,209,1358,3,259.20465505,42.99318414,22.257589,21.816288,21.111475,21.019918,20.223289,0.454201,0.091264,0.071919,0.109833,0.200617
587739863643653455,4682,40,6,209,1359,3,259.20440117,42.99468678,23.585323,24.863794,23.25703,21.890093,21.789738,0.856501,0.538846,0.296628,0.15562,0.473626
587739863643653475,4682,40,6,209,1379,3,259.21159877,42.99406242,22.273254,21.588095,20.959604,20.739571,20.298363,0.384702,0.064395,0.053546,0.072829,0.183146
587739863643653476,4682,40,6,209,1380,3,259.21090678,42.99648231,26.383198,24.436005,22.939945,21.710133,21.220509,0.413087,0.43508,0.216452,0.124312,0.289996
587739863643653477,4682,40,6,209,1381,6,259.21386266,42.99598474,23.452881,23.089502,22.204245,22.028349,21.160801,0.731804,0.167137,0.116498,0.164588,0.276551
587739863643653478,4682,40,6,209,1382,6,259.21267102,42.99452022,23.275356,23.078804,22.527037,22.764658,22.12661,0.640104,0.165819,0.153296,0.305878,0.531833
587739863643653479,4682,40,6,209,1383,3,259.21190402,42.99590306,24.929665,24.978136,23.084997,21.980074,21.793726,1.225815,0.579057,0.271319,0.176351,0.493041
587739863643653480,4682,40,6,209,1384,3,259.21078255,42.99282825,25.56398,23.635462,22.742476,21.967266,22.415998,0.88197,0.291933,0.206739,0.176811,0.675998
587739863643653490,4682,40,6,209,1394,6,259.20049723,42.99127876,22.958038,21.533806,21.019579,20.877382,20.973398,0.47716,0.045866,0.042213,0.058296,0.22094
587739863643653510,4682,40,6,209,1414,6,259.21894279,42.99347312,24.089804,22.342869,21.685284,21.309969,21.684786,1.037577,0.089662,0.074344,0.087568,0.407993
587739863643653559,4682,40,6,209,1463,6,259.2362997,42.98592661,23.024334,22.315224,21.632643,21.358046,21.306131,0.478256,0.082051,0.067196,0.086161,0.289709
587739863643653586,4682,40,6,209,1490,6,259.23188067,42.98714961,22.783964,21.328283,20.945557,20.66474,20.942822,0.451668,0.041965,0.042399,0.053078,0.241495
587739863643653587,4682,40,6,209,1491,6,259.2317337,42.98769225,24.871872,23.503098,22.168045,21.79147,20.914341,1.025621,0.219286,0.106617,0.125884,0.210808
587739863643653609,4682,40,6,209,1513,3,259.22900149,42.9831613,24.518932,22.926563,22.378817,22.304749,21.643297,1.578255,0.200223,0.180139,0.281816,0.536956
587739863643654273,4682,40,6,209,2177,3,259.19589092,42.99271753,23.167587,23.829247,22.490974,21.997244,21.377838,0.558351,0.278145,0.137469,0.148138,0.304107
587739863643654278,4682,40,6,209,2182,3,259.20864437,42.99376662,24.216547,24.087521,22.324356,20.913427,19.96018,1.100023,0.360635,0.129486,0.063458,0.101526
587739863643654279,4682,40,6,209,2183,6,259.21642784,42.99528005,25.141829,24.553616,22.801458,22.250256,21.950653,0.935673,0.426589,0.180279,0.185504,0.450814
587739863643654280,4682,40,6,209,2184,6,259.19898603,42.98865799,26.714525,23.635046,22.250561,21.032146,20.115332,0.427252,0.35748,0.166415,0.094659,0.153632
587739863643654286,4682,40,6,209,2190,3,259.21499786,42.99072799,24.062782,23.558809,22.097551,21.298758,20.513235,1.349296,0.318102,0.135674,0.112199,0.207137
587739863643654297,4682,40,6,209,2201,6,259.21307074,42.98629157,24.971615,23.625904,22.958733,22.189142,22.437479,0.990226,0.237214,0.204432,0.175825,0.558235
587739863643654315,4682,40,6,209,2219,6,259.23168222,42.98200332,25.432932,23.610794,22.539091,22.450773,22.517759,0.80776,0.236025,0.143691,0.218167,0.570858
587739863643654318,4682,40,6,209,2222,6,259.23430369,42.98226396,24.382648,23.707598,22.563095,22.067167,22.20842,1.334252,0.323943,0.183748,0.198361,0.652483
587739863643654551,4682,40,6,209,2455,6,259.20307211,42.9906929,24.965076,24.157063,23.198938,21.535295,20.955225,1.143199,0.39311,0.281335,0.112926,0.244615
587742633347842187,5327,40,5,13,139,3,259.0609956,43.12737906,19.789711,18.324709,17.703842,17.370306,17.15032,0.081936,9.716129E-3,8.057052E-3,8.946476E-3,0.019755
587742633347842189,5327,40,5,13,141,3,259.06426471,43.13716164,24.843052,21.841864,20.659332,19.429308,18.735931,1.476952,0.093987,0.048277,0.025665,0.039626
587742633347842190,5327,40,5,13,142,6,259.06575009,43.13909522,21.770746,20.715694,20.296339,20.119999,20.123064,0.183516,0.029041,0.027357,0.032954,0.090106
587742633347842194,5327,40,5,13,146,3,259.06045618,43.13631771,22.588848,23.086346,20.87225,21.130243,21.19401,0.482567,0.283122,0.057892,0.109926,0.308491
587742633347842198,5327,40,5,13,150,6,259.06499647,43.14025629,25.351797,23.913464,22.839033,21.697918,21.482441,0.85302,0.380254,0.227023,0.121095,0.270245
587742633347842200,5327,40,5,13,152,3,259.06333886,43.13859215,25.976418,22.30582,21.842152,21.509655,22.484095,0.876906,0.161097,0.153966,0.172707,0.799083
587742633347842202,5327,40,5,13,154,3,259.06354753,43.13223855,23.198139,26.722918,23.34993,21.195391,23.215105,1.134612,0.562237,0.715344,0.166539,0.990493
587742633347842204,5327,40,5,13,156,3,259.06080976,43.14004834,26.270893,22.044649,21.722322,20.047079,24.401369,2.859372,0.521511,0.578247,0.197485,1.589946
587742633347842238,5327,40,5,13,190,6,259.06781549,43.11077689,19.470182,18.5179,18.251417,18.181528,18.174791,0.031631,7.392831E-3,7.276494E-3,8.710782E-3,0.019927
587742633347842239,5327,40,5,13,191,6,259.06781881,43.11278995,23.841932,22.954002,22.427008,21.574747,21.471914,0.902858,0.176181,0.158596,0.109256,0.267167
587742633347842240,5327,40,5,13,192,3,259.0681572,43.10886408,23.635504,22.541546,21.770084,21.525051,21.714279,0.954645,0.147946,0.107325,0.129123,0.393829
587742633347842278,5327,40,5,13,230,6,259.09221874,43.08984373,17.382818,16.192682,15.735029,15.578161,15.513836,9.444941E-3,3.325651E-3,3.208517E-3,3.464584E-3,4.909415E-3
587742633347842280,5327,40,5,13,232,3,259.08915762,43.0895569,25.501074,23.257969,21.963869,21.873693,21.590067,1.004154,0.299051,0.138505,0.191193,0.395727
587742633347842406,5327,40,5,13,358,6,259.07433721,43.13450981,20.292608,19.463085,19.187799,19.113661,19.096886,0.055818,0.01246,0.01241,0.01553,0.038812
587742633347842417,5327,40,5,13,369,6,259.07353266,43.12417216,20.547823,19.298042,18.721087,18.513615,18.331532,0.068142,0.011435,9.701963E-3,0.010914,0.022838
587742633347842427,5327,40,5,13,379,6,259.07131088,43.11856716,21.153931,20.13418,19.797508,19.747675,19.712091,0.109496,0.019066,0.018785,0.024386,0.063128
587742633347842428,5327,40,5,13,380,6,259.07052606,43.11691686,21.739456,21.03488,20.6458,20.4091,20.266706,0.179043,0.036745,0.03564,0.041131,0.100944
587742633347842431,5327,40,5,13,383,6,259.07928164,43.11813415,21.300774,20.527386,20.121883,20.035692,19.95508,0.124414,0.025285,0.023743,0.030457,0.077616
587742633347842432,5327,40,5,13,384,6,259.07989158,43.11743043,25.863201,22.084742,21.504717,21.04929,20.955774,0.625207,0.089444,0.075893,0.073845,0.188951
587742633347842433,5327,40,5,13,385,6,259.08141702,43.11821885,22.847818,21.703579,21.289267,21.080215,21.12524,0.447155,0.061575,0.059918,0.071623,0.204896
587742633347842440,5327,40,5,13,392,6,259.08286557,43.11592114,21.637608,20.706808,20.298702,20.117346,20.16573,0.16266,0.028559,0.026945,0.032428,0.092087
587742633347842441,5327,40,5,13,393,6,259.0841063,43.1153655,25.753757,22.321041,21.627909,21.484133,20.806456,0.653172,0.103432,0.079601,0.100989,0.157203
587742633347842462,5327,40,5,13,414,6,259.07650758,43.10502014,21.411865,20.746962,20.303415,20.247545,20.141356,0.138236,0.030188,0.027454,0.036515,0.091715
587742633347842479,5327,40,5,13,431,6,259.0819623,43.09796495,20.827879,20.032179,19.679024,19.600077,19.584871,0.085801,0.018092,0.017664,0.022294,0.057754
587742633347842482,5327,40,5,13,434,6,259.0701007,43.0911463,23.643742,20.312775,18.854189,17.530602,16.80727,0.814741,0.022018,0.010365,6.453353E-3,9.196744E-3
587742633347842502,5327,40,5,13,454,6,259.08268731,43.08630377,19.992908,19.084221,18.837498,18.758379,18.754425,0.045899,9.998611E-3,0.010114,0.012419,0.030279
587742633347842503,5327,40,5,13,455,6,259.0824708,43.08727185,23.085079,20.619625,19.428627,19.035807,18.988632,0.551483,0.027334,0.014764,0.014769,0.035967
587742633347842504,5327,40,5,13,456,6,259.08411308,43.08895642,22.987904,21.643072,21.309816,20.853664,20.382318,0.533056,0.060745,0.062964,0.06143,0.115357
587742633347842505,5327,40,5,13,457,6,259.07941906,43.08488448,21.031096,20.108074,19.778732,19.628887,19.581629,0.099753,0.018935,0.018862,0.022835,0.057007
587742633347842521,5327,40,5,13,473,6,259.08427331,43.0763772,20.795132,20.019585,19.688963,19.529133,19.37565,0.083231,0.018636,0.017902,0.020755,0.047914
587742633347842525,5327,40,5,13,477,6,259.0938512,43.07780735,21.224077,18.763708,17.776863,17.441269,17.256079,0.118029,8.397058E-3,5.794631E-3,6.029651E-3,0.011148
587742633347842526,5327,40,5,13,478,6,259.09467314,43.07629377,20.321358,19.466784,19.158613,19.085653,19.09094,0.057869,0.012466,0.012233,0.015234,0.038814
587742633347842535,5327,40,5,13,487,6,259.08510547,43.06849748,21.148895,20.275019,19.939423,19.772236,19.763882,0.112761,0.021845,0.021218,0.025848,0.067324
587742633347842539,5327,40,5,13,491,6,259.10187229,43.06928933,21.127495,19.318796,18.605301,18.401136,18.259871,0.112107,0.011603,8.848472E-3,0.010077,0.021405
587742633347842540,5327,40,5,13,492,6,259.10104353,43.0693052,20.843708,20.065559,19.839354,19.578411,19.932922,0.087295,0.019807,0.020909,0.022673,0.078294
587742633347842595,5327,40,5,13,547,6,259.06101006,43.11998291,22.948105,21.140329,20.619291,20.482702,20.425121,0.494254,0.0397,0.034786,0.043406,0.1148
587742633347842596,5327,40,5,13,548,6,259.06233457,43.11937818,23.649271,23.169924,21.77058,21.712057,21.323734,0.882429,0.232991,0.099255,0.137035,0.265711
587742633347842597,5327,40,5,13,549,6,259.07565112,43.12170588,24.015673,20.764919,19.352943,18.382338,17.82251,0.989671,0.029929,0.014451,0.010002,0.016475
587742633347842628,5327,40,5,13,580,6,259.07522341,43.07820752,23.052427,21.496956,20.186417,19.637012,19.217585,0.531736,0.052088,0.024966,0.02276,0.042747
587742633347842635,5327,40,5,13,587,6,259.09545494,43.07184246,21.361046,20.660208,20.236143,20.099176,19.972191,0.13333,0.027974,0.026039,0.0325,0.079527
587742633347842636,5327,40,5,13,588,6,259.09674442,43.06987286,21.854012,21.098915,20.577694,20.359756,20.546549,0.216503,0.041466,0.036661,0.043873,0.142092
587742633347842637,5327,40,5,13,589,6,259.10409175,43.06707373,22.903582,20.795687,19.784061,19.392326,19.211809,0.483079,0.030794,0.019228,0.019261,0.042977
587742633347842709,5327,40,5,13,661,6,259.06640488,43.12291115,21.759651,21.149691,20.713476,20.543648,20.294374,0.185065,0.040601,0.038212,0.046861,0.104725
587742633347842934,5327,40,5,13,886,6,259.07185307,43.12945106,25.116291,22.916855,22.120237,21.773882,21.393637,0.971724,0.171799,0.121916,0.129919,0.252096
587742633347842947,5327,40,5,13,899,6,259.06626304,43.12095687,23.284225,22.888617,22.947937,22.90955,22.340981,0.633907,0.167269,0.247503,0.337903,0.446126
587742633347842954,5327,40,5,13,906,6,259.06078186,43.11720234,23.386423,23.014439,21.833477,21.596043,21.806229,0.681281,0.184886,0.095248,0.110832,0.337166
587742633347842964,5327,40,5,13,916,3,259.06436678,43.11568711,21.537743,20.399086,19.861053,19.779055,19.55694,0.256829,0.035467,0.031459,0.044053,0.103558
587742633347842972,5327,40,5,13,924,3,259.0747318,43.11515561,22.776682,22.665377,21.771231,21.763521,21.698763,0.464202,0.151767,0.098991,0.144709,0.354529
587742633347842984,5327,40,5,13,936,6,259.08010988,43.11141205,24.579605,21.839823,21.18766,21.10195,21.324722,1.125168,0.070417,0.055866,0.074563,0.245834
587742633347843000,5327,40,5,13,952,3,259.08458245,43.109064,24.135731,22.755373,22.302738,21.936499,23.025089,1.359508,0.19942,0.192069,0.210386,0.676159
587742633347843001,5327,40,5,13,953,6,259.07132015,43.10463601,22.940928,22.983925,22.181742,22.040934,21.684462,0.48817,0.180548,0.128358,0.162835,0.308565
587742633347843010,5327,40,5,13,962,6,259.06794034,43.10012173,22.694632,21.238199,20.842928,20.932009,20.985662,0.41086,0.044104,0.04308,0.066317,0.194031
587742633347843012,5327,40,5,13,964,6,259.07067178,43.09924939,23.257553,22.715822,21.22965,20.446672,20.071621,0.633647,0.145446,0.057511,0.042566,0.086214
587742633347843024,5327,40,5,13,976,3,259.08462616,43.10052467,24.773245,21.850336,20.206463,19.642147,19.211645,1.58204,0.09894,0.034452,0.031546,0.0607
587742633347843025,5327,40,5,13,977,3,259.08689669,43.09806706,25.052322,22.336668,21.318762,20.980967,20.805193,1.376442,0.142434,0.083525,0.092662,0.222635
587742633347843026,5327,40,5,13,978,6,259.08634608,43.09938585,24.096792,23.836443,22.505438,22.027346,22.732615,1.350901,0.484298,0.229467,0.224302,0.674073
587742633347843044,5327,40,5,13,996,3,259.08006731,43.08867372,24.33843,22.851212,21.976589,21.707874,21.184374,1.875699,0.281999,0.188408,0.22444,0.390296
587742633347843060,5327,40,5,13,1012,6,259.08654385,43.0842586,22.571522,21.139141,20.6628,20.550304,20.474409,0.370281,0.039908,0.036236,0.046367,0.120819
587742633347843065,5327,40,5,13,1017,6,259.09395582,43.0842617,22.92289,21.397846,20.87298,20.667057,20.398916,0.488493,0.048456,0.042571,0.051051,0.111113
587742633347843069,5327,40,5,13,1021,6,259.09621035,43.08224923,22.081367,21.102077,20.591797,20.433569,20.651964,0.24065,0.038933,0.034242,0.042411,0.140816
587742633347843073,5327,40,5,13,1025,6,259.08083347,43.07717613,23.085016,22.27721,21.62072,21.658873,21.504557,0.545524,0.098489,0.078899,0.117163,0.272812
587742633347843087,5327,40,5,13,1039,6,259.08557971,43.07320517,22.933004,22.264511,21.544104,21.379463,21.0347,0.529633,0.10587,0.080319,0.102011,0.209946
587742633347843109,5327,40,5,13,1061,6,259.0916406,43.06799233,23.192707,21.879982,21.287296,21.139479,21.3556,0.599636,0.071558,0.059625,0.075215,0.244935
587742633347843125,5327,40,5,13,1077,6,259.09874107,43.06640628,22.462862,21.909075,22.112255,21.878012,22.020979,0.362836,0.080354,0.13325,0.160395,0.435799
587742633347843133,5327,40,5,13,1085,6,259.0922426,43.06128788,22.146925,21.205074,20.650625,20.550074,20.433661,0.258592,0.042255,0.0362,0.046997,0.117904
587742633347843134,5327,40,5,13,1086,6,259.10341578,43.0643318,22.873268,23.080969,22.468784,21.923841,21.729029,0.475293,0.200106,0.164976,0.149835,0.324167
587742633347843288,5327,40,5,13,1240,3,259.06558875,43.12946548,23.820753,23.306114,21.874104,21.681309,21.299698,1.090483,0.291976,0.121063,0.15251,0.296341
587742633347843319,5327,40,5,13,1271,6,259.07154089,43.10924738,24.436825,23.541395,22.552671,22.90535,23.126295,1.161535,0.304002,0.189586,0.365273,0.493743
587742633347843322,5327,40,5,13,1274,6,259.07899824,43.10983291,25.410007,24.605122,22.581106,21.633629,20.572834,0.826467,0.567587,0.180681,0.115098,0.129494
587742633347843323,5327,40,5,13,1275,6,259.06756925,43.10585177,24.608419,23.510052,22.228081,21.645998,20.852919,1.116984,0.282426,0.135753,0.118698,0.167688
587742633347843327,5327,40,5,13,1279,3,259.06987529,43.10288745,24.926302,23.885626,22.742243,22.117146,21.92021,1.031842,0.372454,0.207961,0.17413,0.361145
587742633347843330,5327,40,5,13,1282,6,259.08160813,43.10514515,24.651985,23.382975,22.154505,22.092421,21.482258,1.087231,0.249994,0.124839,0.171371,0.26893
587742633347843333,5327,40,5,13,1285,3,259.07230067,43.10185208,23.400288,23.156765,22.488708,22.801897,21.559958,0.80114,0.245438,0.199414,0.379009,0.345702
587742633347843352,5327,40,5,13,1304,3,259.07696468,43.09420661,22.142488,23.089794,22.39641,21.633238,20.832293,0.280665,0.224732,0.176954,0.133424,0.186329
587742633347843360,5327,40,5,13,1312,6,259.07312637,43.09015232,25.142529,23.144882,21.945269,21.029551,20.359875,1.072081,0.235592,0.118186,0.078563,0.125427
587742633347843369,5327,40,5,13,1321,6,259.07087198,43.08671116,24.883579,24.906986,22.218018,22.166811,21.786114,1.209458,0.72552,0.154828,0.217064,0.397813
587742633347843374,5327,40,5,13,1326,3,259.07391414,43.08224935,23.082815,22.958981,21.515753,21.398535,21.110327,0.814116,0.268681,0.108439,0.14792,0.32356
587742633347843381,5327,40,5,13,1333,6,259.07917074,43.0795661,24.981236,23.221426,22.169552,22.078976,22.176722,1.043149,0.228658,0.130971,0.176161,0.432988
587742633347843388,5327,40,5,13,1340,6,259.08851131,43.07577962,26.072163,23.16795,22.728674,22.258602,22.30685,0.499376,0.211343,0.204964,0.197043,0.437826
587742633347843400,5327,40,5,13,1352,6,259.08175242,43.06529096,24.255865,23.783777,22.106609,21.144753,20.613148,1.093408,0.356717,0.122939,0.077897,0.138964
587742633347843526,5327,40,5,13,1478,6,259.07193141,43.08818596,23.02166,24.024706,22.785076,22.161644,22.893913,0.537451,0.430374,0.225022,0.191611,0.506659
587742633347843573,5327,40,5,13,1525,3,259.0795338,43.10012382,25.563311,25.107298,26.485168,24.729979,20.783892,0.948163,0.796633,0.356694,0.833056,0.197202
587742633347907599,5327,40,5,14,15,6,259.1251367,43.04561078,17.817978,16.696154,16.195724,16.232187,15.89082,0.0119,3.799068E-3,3.6295E-3,4.385661E-3,5.799356E-3
587742633347907600,5327,40,5,14,16,3,259.13118389,43.03951568,19.008188,21.051914,20.258102,15.690926,23.383682,0.143276,0.336694,0.240798,8.842366E-3,5.829116
587742633347907601,5327,40,5,14,17,6,259.12492066,43.0374316,20.652859,19.899744,19.533409,24.357523,19.37792,0.075101,0.016553,0.015534,0.764317,0.048034
587742633347907603,5327,40,5,14,19,3,259.13052521,43.04101675,17.81918,16.02693,15.285819,14.866677,14.783387,0.159278,0.013554,5.765742E-3,7.377749E-3,0.019873
587742633347907606,5327,40,5,14,22,3,259.13446541,43.03390921,22.359013,21.278172,20.599047,24.357918,20.375433,0.3433,0.050629,0.038634,0.832322,0.129437
587742633347907609,5327,40,5,14,25,3,259.13398869,43.03168635,25.036194,23.244181,22.188232,21.592764,22.043001,1.342368,0.303765,0.170243,0.153031,0.528041
587742633347907781,5327,40,5,14,197,6,259.11097018,43.06093556,19.544834,18.662752,18.40764,18.339714,18.382992,0.033594,8.121879E-3,8.142833E-3,9.795737E-3,0.025316
587742633347907782,5327,40,5,14,198,6,259.09564051,43.05597609,20.24431,19.375366,19.111803,19.015413,19.003078,0.055192,0.012074,0.012271,0.015983,0.03599
587742633347907790,5327,40,5,14,206,6,259.10939648,43.05466094,20.644526,19.806665,19.497311,19.399704,19.365915,0.07481,0.015621,0.015308,0.019358,0.047318
587742633347907797,5327,40,5,14,213,6,259.11640982,43.05408117,19.959635,19.016821,18.765665,18.687185,18.669981,0.04506,9.678323E-3,9.594601E-3,0.011839,0.028076
587742633347907818,5327,40,5,14,234,6,259.1110015,43.04685288,20.65135,19.217266,18.565468,18.322359,18.2061,0.075421,0.011052,8.904372E-3,9.714302E-3,0.020533
587742633347907820,5327,40,5,14,236,6,259.11861126,43.04715088,21.051342,20.009321,19.682478,19.572248,19.616209,0.103954,0.017811,0.017214,0.021617,0.058305
587742633347907821,5327,40,5,14,237,6,259.1168335,43.04619717,23.981127,22.094576,21.46262,21.143261,20.835052,1.026198,0.089877,0.071088,0.078838,0.166718
587742633347907822,5327,40,5,14,238,6,259.11618891,43.04555198,24.985882,23.407639,22.118475,22.127956,21.620228,1.038056,0.263906,0.121145,0.178332,0.295886
587742633347907824,5327,40,5,14,240,6,259.11123358,43.03975337,20.346554,19.645779,19.325298,19.233955,19.262768,0.059722,0.013998,0.013542,0.016905,0.043986
587742633347907825,5327,40,5,14,241,6,259.11308973,43.03841521,20.986847,20.199768,19.868423,19.739775,19.722631,0.098485,0.020215,0.01968,0.024499,0.063814
587742633347907826,5327,40,5,14,242,6,259.11158992,43.03833198,23.965439,22.773764,21.740427,21.469845,21.776817,1.095484,0.171499,0.096575,0.113103,0.372108
587742633347907873,5327,40,5,14,289,6,259.13729901,43.01299215,20.026247,19.0693,18.7572,18.659092,18.662689,0.047332,0.010511,9.694954E-3,0.011791,0.028158
587742633347908070,5327,40,5,14,486,6,259.10775727,43.05089522,21.927076,20.697107,20.287292,20.185726,20.086227,0.214289,0.028627,0.027494,0.03426,0.08502
587742633347908085,5327,40,5,14,501,3,259.14252098,43.01540012,20.875383,20.082481,19.255318,18.973822,18.619419,0.114969,0.022715,0.016566,0.019337,0.036092
587742633347908176,5327,40,5,14,592,6,259.10523835,43.05376341,22.00201,20.960016,20.536762,20.331228,20.270546,0.2283,0.035042,0.032619,0.038893,0.099281
587742633347908291,5327,40,5,14,707,6,259.10627161,43.06315324,25.096258,23.414024,22.088579,21.74861,22.062775,1.010407,0.266398,0.118349,0.128968,0.39285
587742633347908292,5327,40,5,14,708,6,259.10740755,43.06376766,23.210329,22.798252,21.87698,21.780296,20.864309,0.64946,0.166329,0.10391,0.140898,0.175026
587742633347908294,5327,40,5,14,710,6,259.10161131,43.06088037,22.465467,21.550535,20.999382,20.770916,20.583261,0.367611,0.060214,0.051023,0.061284,0.14491
587742633347908305,5327,40,5,14,721,3,259.09885457,43.05548369,21.899597,21.403147,20.322432,20.045948,19.776203,0.278138,0.065321,0.036447,0.043037,0.094648
587742633347908330,5327,40,5,14,746,6,259.11518508,43.05151991,23.774618,21.664478,21.314741,21.02833,20.950724,0.90521,0.061405,0.061044,0.069289,0.176186
587742633347908332,5327,40,5,14,748,6,259.11104462,43.04991019,24.127186,22.540308,21.898531,21.768713,21.171827,1.038703,0.126937,0.100042,0.130315,0.211715
587742633347908376,5327,40,5,14,792,6,259.11769861,43.03714046,24.553997,22.100698,21.5114,21.20713,20.896158,1.126728,0.088786,0.072309,0.081334,0.170588
587742633347908390,5327,40,5,14,806,6,259.11424661,43.03087695,23.565765,22.23233,21.523859,21.464214,21.50391,0.822301,0.100166,0.074635,0.104199,0.282553
587742633347908398,5327,40,5,14,814,6,259.12197697,43.02676717,22.411385,21.212841,20.709953,20.58198,20.629784,0.32424,0.042465,0.037075,0.047642,0.135312
587742633347908399,5327,40,5,14,815,6,259.12370166,43.02787531,22.411861,21.620968,21.12723,20.898981,20.72756,0.324427,0.058963,0.052129,0.0623,0.147395
587742633347908400,5327,40,5,14,816,6,259.12913484,43.02892377,24.177242,22.069889,21.551241,21.240959,21.485775,1.091032,0.087596,0.094399,0.085589,0.284928
587742633347908417,5327,40,5,14,833,6,259.12769425,43.0246687,23.886391,23.069115,22.240786,21.965763,21.579023,0.956785,0.200235,0.134443,0.156349,0.28904
587742633347908424,5327,40,5,14,840,6,259.12906207,43.02286156,25.485525,22.731569,22.168243,22.12965,21.389334,0.800084,0.149771,0.125986,0.179193,0.247698
587742633347908425,5327,40,5,14,841,6,259.13783609,43.02404775,24.453573,22.356466,21.307974,20.895765,20.56254,1.116384,0.1092,0.060414,0.061993,0.12772
587742633347908426,5327,40,5,14,842,6,259.12776588,43.01980018,22.763832,21.775482,21.082697,20.916544,20.522358,0.445898,0.068103,0.051325,0.065089,0.127127
587742633347908433,5327,40,5,14,849,6,259.13846735,43.02029487,22.471796,21.365786,20.875778,20.759039,20.751842,0.335617,0.048184,0.042159,0.055283,0.149166
587742633347908435,5327,40,5,14,851,6,259.14196864,43.02111476,25.203491,23.101501,22.066257,21.97967,21.047449,0.982431,0.204421,0.114887,0.157292,0.191073
587742633347908436,5327,40,5,14,852,6,259.14112297,43.02241572,25.655024,23.619989,22.365826,21.958378,21.326183,0.750701,0.319038,0.152824,0.159666,0.246028
587742633347908446,5327,40,5,14,862,6,259.13779082,43.01672193,22.019665,21.109766,20.662066,20.558157,20.629595,0.229401,0.039472,0.035604,0.046948,0.135608
587742633347908755,5327,40,5,14,1171,6,259.08741809,43.05814341,23.086927,23.504105,22.668594,22.526604,22.150839,0.607646,0.311258,0.214816,0.279853,0.464187
587742633347908757,5327,40,5,14,1173,3,259.08802084,43.05660997,26.346378,23.06646,21.947536,21.315418,20.823523,0.759034,0.364688,0.194926,0.169512,0.310294
587742633347908758,5327,40,5,14,1174,3,259.09248521,43.05722428,23.178301,23.634455,22.091429,21.55245,21.915371,0.801098,0.425451,0.161095,0.150198,0.508297
587742633347908760,5327,40,5,14,1176,3,259.10676287,43.06030174,22.97187,23.473732,22.051899,22.050215,21.625689,0.626105,0.341561,0.142535,0.212043,0.376525
587742633347908769,5327,40,5,14,1185,6,259.10085858,43.05423355,25.105667,24.203613,22.680836,22.200533,21.940327,0.991513,0.475475,0.198377,0.190523,0.370224
587742633347908793,5327,40,5,14,1209,3,259.12170722,43.04678506,24.88059,24.545517,22.551508,22.207739,22.970287,1.071795,0.569608,0.175581,0.190606,0.470896
587742633347908794,5327,40,5,14,1210,6,259.10651935,43.04101985,24.924965,23.33465,22.21311,21.796392,21.932564,1.07261,0.248372,0.1312,0.133444,0.363632
587742633347908801,5327,40,5,14,1217,6,259.11599023,43.03927772,25.405533,24.16011,22.424881,22.154188,22.059324,0.870879,0.481617,0.163788,0.190395,0.40936
587742633347908822,5327,40,5,14,1238,6,259.13608563,43.02882611,25.566505,23.346584,22.495054,22.199249,21.438515,0.814644,0.267188,0.178268,0.20544,0.27987
587742633347909018,5327,40,5,14,1434,6,259.11450174,43.05673622,25.074051,26.201,24.329741,22.213495,21.546909,1.092115,0.45439,0.689179,0.211517,0.309731
587742633347909038,5327,40,5,14,1454,6,259.11572047,43.03283257,23.983606,23.565868,22.854803,22.022028,22.047483,0.995861,0.301572,0.227507,0.163362,0.389225
587742633347909047,5327,40,5,14,1463,6,259.13234433,43.02806944,23.183088,23.483301,23.671976,21.641323,21.042189,0.630732,0.299368,0.465012,0.126257,0.205318
587739863643521311,4682,40,6,207,287,6,259.06683679,43.19021725,18.777336,17.321836,16.778934,16.596317,16.495579,0.020989,4.985238E-3,4.457681E-3,4.701226E-3,8.443958E-3
587739863643521312,4682,40,6,207,288,3,259.06866413,43.190159,25.505501,22.766314,21.166948,20.610565,20.028383,1.340971,0.209779,0.075855,0.074547,0.166171
587739863643521872,4682,40,6,207,848,6,259.08165306,43.21527155,21.5462,20.510729,20.165813,19.992277,19.938272,0.145941,0.022641,0.022548,0.034236,0.091459
587739863643521946,4682,40,6,207,922,6,259.07334143,43.20074855,21.859123,20.776155,20.381916,20.268492,20.215654,0.199824,0.027025,0.026362,0.034338,0.116724
587739863643521995,4682,40,6,207,971,6,259.0663565,43.19318363,21.378607,20.728086,20.414694,20.226576,20.003643,0.128178,0.025778,0.026221,0.03301,0.096987
587739863643522764,4682,40,6,207,1740,6,259.06712343,43.18554571,22.089504,21.691135,21.344954,20.927,20.605326,0.237074,0.053244,0.054929,0.059427,0.167066
587739863643523097,4682,40,6,207,2073,6,259.08644495,43.22175113,23.711639,22.918556,22.116585,21.784967,21.785345,0.902862,0.154342,0.113025,0.136042,0.450784
587739863643523098,4682,40,6,207,2074,6,259.08665882,43.22270457,23.342604,23.623127,22.630194,22.003195,21.695959,0.660292,0.26591,0.169587,0.159607,0.411361
587739863643523131,4682,40,6,207,2107,6,259.07880345,43.21146132,24.317917,23.208414,22.698,22.11059,22.306568,1.136522,0.193581,0.180723,0.175175,0.581079
587739863643523288,4682,40,6,207,2264,6,259.06264768,43.18201898,24.386528,22.281776,21.751154,21.301096,21.025211,1.040629,0.083574,0.074993,0.079642,0.228375
587739863643523359,4682,40,6,207,2335,3,259.05748097,43.16915474,24.299341,22.768848,22.407505,21.892227,21.127447,1.108567,0.132381,0.139797,0.141052,0.264427
587739863643523644,4682,40,6,207,2620,3,259.08166639,43.20844403,25.410923,24.934761,22.330374,25.078171,23.741306,1.088769,0.655338,0.15899,0.658947,0.542719
587739863643523784,4682,40,6,207,2760,6,259.06164242,43.17789607,23.97242,24.317518,23.783207,22.284622,22.958385,0.936891,0.406145,0.400989,0.214825,0.581109
587739863643652254,4682,40,6,209,158,6,259.20607869,42.97940078,19.310431,18.383482,18.162724,18.060492,18.046398,0.029257,7.028086E-3,6.960115E-3,8.214946E-3,0.021046
587739863643652255,4682,40,6,209,159,6,259.20736969,42.97919298,23.116642,23.894529,22.394558,21.379675,21.346966,0.592222,0.322396,0.139713,0.095482,0.324162
587739863643652727,4682,40,6,209,631,6,259.20070729,42.98217452,21.547657,20.431368,20.088736,19.994917,19.728966,0.149708,0.020796,0.02063,0.028361,0.077694
587739863643652728,4682,40,6,209,632,6,259.20232069,42.98082439,21.990553,20.897978,20.552935,20.277065,20.328283,0.213615,0.028137,0.028468,0.034981,0.126919
587739863643652803,4682,40,6,209,707,6,259.21709096,42.97962169,21.259979,20.355661,20.027639,19.93716,19.932631,0.11928,0.020152,0.020259,0.028152,0.093832
587739863643652852,4682,40,6,209,756,6,259.22537596,42.97629955,20.477352,19.759621,19.479778,19.384529,19.339132,0.064057,0.01415,0.014027,0.018746,0.056687
587739863643652890,4682,40,6,209,794,6,259.24286499,42.97195572,20.706404,19.893364,19.606531,19.488758,19.396013,0.074024,0.014935,0.015416,0.020444,0.058619
587739863643653315,4682,40,6,209,1219,6,259.19770874,42.98110832,23.690491,22.555738,20.972326,19.633423,18.806534,0.791015,0.101563,0.04064,0.023848,0.038055
587739863643653485,4682,40,6,209,1389,3,259.18409011,42.98571261,25.917231,21.665716,19.970896,19.260487,18.828678,1.084081,0.084873,0.029215,0.025827,0.062375
587739863643653494,4682,40,6,209,1398,3,259.189621,42.98630577,23.37328,22.619202,21.110981,19.899872,19.511339,1.013065,0.161377,0.06472,0.038097,0.095164
587739863643653591,4682,40,6,209,1495,6,259.21069961,42.98018562,23.682207,22.96476,23.35211,22.786396,23.393578,0.892849,0.15745,0.311969,0.322807,0.560659
587739863643653641,4682,40,6,209,1545,3,259.22854487,42.97659507,24.289871,22.82991,22.175718,21.700083,22.060591,1.67491,0.19905,0.166192,0.181964,0.773951
587739863643654276,4682,40,6,209,2180,3,259.18680636,42.98855021,23.380659,23.25123,21.723137,20.506754,19.732595,0.729106,0.197748,0.07921,0.045894,0.08488
587739863643654284,4682,40,6,209,2188,6,259.1897576,42.9839745,24.338293,23.865437,22.83754,22.483372,22.758865,1.039701,0.286421,0.183101,0.222852,0.579423
587739863643654317,4682,40,6,209,2221,6,259.22014112,42.97770968,23.510368,23.536638,22.77113,22.445534,22.581541,0.701797,0.222995,0.174601,0.218182,0.577551
587739863643654326,4682,40,6,209,2230,6,259.23690053,42.97437979,24.336767,24.373854,22.751545,22.474361,22.027788,1.038243,0.393281,0.172123,0.223472,0.471018
587742633347842185,5327,40,5,13,137,6,259.05465593,43.13589926,14.598818,12.439916,11.827806,11.809948,13.446617,5.404239E-3,9.491571E-4,6.088057E-4,1.308565E-3,5.923868E-3
587742633347842186,5327,40,5,13,138,6,259.05425267,43.13111392,19.49124,18.608232,18.341869,18.275949,18.282688,0.032134,7.762508E-3,7.622044E-3,9.199739E-3,0.021603
587742633347842192,5327,40,5,13,144,6,259.05358002,43.1273068,23.663696,22.550493,21.662287,20.017298,19.166294,0.915892,0.138876,0.091803,0.033269,0.045861
587742633347842193,5327,40,5,13,145,6,259.0561379,43.1308683,23.21184,25.054022,21.726572,21.670031,20.236853,0.824625,0.90918,0.123231,0.182312,0.14239
587742633347842195,5327,40,5,13,147,3,259.05453371,43.14316774,22.518288,21.979813,21.282574,20.963062,20.67873,0.391733,0.088743,0.068754,0.075985,0.166816
587742633347842196,5327,40,5,13,148,6,259.05287374,43.1298652,23.787495,22.369976,24.230278,24.360056,21.293341,0.908334,0.111719,0.640651,0.711527,0.247378
587742633347842197,5327,40,5,13,149,6,259.05689978,43.14408904,24.230768,24.087233,23.742893,21.623072,20.742748,1.043448,0.429583,0.463103,0.114014,0.14952
587742633347842199,5327,40,5,13,151,3,259.05534584,43.12687252,23.528694,23.599527,22.298048,21.655487,21.326712,0.897287,0.363729,0.17295,0.145659,0.30057
587742633347842201,5327,40,5,13,153,3,259.05254381,43.1385654,21.504107,23.284622,21.742153,22.0485,21.487673,0.180097,0.31855,0.118443,0.237104,0.367877
587742633347842415,5327,40,5,13,367,6,259.0540214,43.11908853,21.238779,20.420595,20.036638,19.89171,20.066282,0.118319,0.023331,0.022359,0.027234,0.085836
587742633347842416,5327,40,5,13,368,6,259.0558584,43.11978941,25.725405,24.275318,22.234444,22.10825,22.305952,0.70669,0.527767,0.146567,0.191015,0.48736
587742633347842515,5327,40,5,13,467,3,259.07399451,43.07427966,20.848091,20.010056,19.630276,19.503719,19.459429,0.094635,0.018628,0.018036,0.022431,0.058479
587742633347842516,5327,40,5,13,468,6,259.0759579,43.07331553,22.638506,21.2691,20.757818,20.543156,20.436562,0.395706,0.044786,0.03972,0.047375,0.121423
587742633347842594,5327,40,5,13,546,6,259.05892134,43.12028524,23.69248,21.049288,19.560349,18.601099,18.106213,0.835251,0.036612,0.015922,0.01111,0.019078
587742633347842660,5327,40,5,13,612,6,259.05766389,43.12404884,24.399162,21.892633,20.60351,19.147415,18.42794,1.084677,0.072183,0.034441,0.01583,0.023828
587742633347842661,5327,40,5,13,613,3,259.05625291,43.12360785,23.460335,21.760258,21.039238,20.888048,21.014769,0.855691,0.076508,0.05827,0.075135,0.235027
587742633347842662,5327,40,5,13,614,6,259.05478721,43.12246281,24.795446,23.833626,22.582533,22.220442,22.863415,1.075064,0.35807,0.182059,0.190481,0.480192
587742633347842663,5327,40,5,13,615,6,259.05795158,43.12270197,24.771137,23.625637,22.633997,22.720377,22.065599,1.074557,0.306675,0.19034,0.289243,0.39288
587742633347842711,5327,40,5,13,663,6,259.05596474,43.10936732,21.717951,21.069649,20.584633,20.4527,20.42144,0.176837,0.037333,0.033918,0.042465,0.115467
587742633347842871,5327,40,5,13,823,6,259.05757111,43.16033461,25.48049,22.585901,21.883831,21.624533,20.744469,0.814094,0.132731,0.102273,0.117825,0.15488
587742633347842876,5327,40,5,13,828,6,259.06045067,43.15694118,24.302235,22.658895,21.797695,21.663229,21.064577,1.122166,0.145047,0.097528,0.125966,0.208494
587742633347842976,5327,40,5,13,928,6,259.05870266,43.10772828,22.472797,21.588318,21.116312,20.791374,20.482851,0.330971,0.056754,0.052277,0.056517,0.122871
587742633347842989,5327,40,5,13,941,6,259.05920793,43.10251301,25.261005,22.383343,21.787706,21.526791,21.441978,0.893124,0.107878,0.090798,0.103937,0.26081
587742633347843027,5327,40,5,13,979,6,259.06115832,43.09218789,23.582289,23.149574,21.620478,20.66453,20.058718,0.808374,0.215757,0.081932,0.052582,0.088578
587742633347843057,5327,40,5,13,1009,6,259.06862797,43.08135988,23.490484,21.337723,20.849977,20.728613,20.634281,0.737885,0.045687,0.041444,0.052882,0.136713
587742633347843058,5327,40,5,13,1010,6,259.07033756,43.08128278,24.069794,21.844584,21.125809,20.858391,20.687975,1.071712,0.072471,0.054796,0.062779,0.153039
587742633347843105,5327,40,5,13,1057,6,259.0791954,43.06658834,24.658865,22.890547,21.333717,20.414993,19.921711,1.155081,0.174168,0.064305,0.04278,0.079171
587742633347843119,5327,40,5,13,1071,6,259.08189869,43.06147297,22.617453,22.228056,21.340439,21.188055,20.845572,0.382776,0.097205,0.063504,0.080452,0.168162
587742633347843127,5327,40,5,13,1079,6,259.08062624,43.05967399,23.092024,21.798807,21.205954,20.957911,20.775858,0.579269,0.06851,0.057421,0.067077,0.161215
587742633347843307,5327,40,5,13,1259,3,259.05608586,43.11391598,25.63101,23.422834,22.489016,22.549404,22.721382,0.798932,0.294682,0.191336,0.293163,0.556751
587742633347843358,5327,40,5,13,1310,6,259.06691636,43.08820398,23.73177,23.205139,21.720369,21.035856,20.710554,0.853628,0.215129,0.085536,0.068045,0.145416
587742633347843554,5327,40,5,13,1506,6,259.08437287,43.05886751,25.359957,24.451973,23.36187,21.774858,21.626062,0.861905,0.53881,0.348179,0.131627,0.304476
587742633347907644,5327,40,5,14,60,6,259.12042616,43.02171608,22.486042,21.503796,21.060854,20.761477,20.919424,0.345462,0.053187,0.04913,0.055111,0.171317
587742633347907645,5327,40,5,14,61,6,259.1143674,43.02378093,23.107386,22.013874,21.851572,21.577312,21.760637,0.65678,0.092668,0.112185,0.133558,0.389854
587742633347907667,5327,40,5,14,83,6,259.13724794,43.00705409,24.060801,22.209547,21.439886,21.438343,21.000059,1.056651,0.098857,0.069534,0.102121,0.192283
587742633347907670,5327,40,5,14,86,6,259.14660505,43.0029096,19.086033,18.043694,17.683931,17.541784,17.518452,0.024788,5.949466E-3,5.525759E-3,6.314477E-3,0.012972
587742633347907671,5327,40,5,14,87,6,259.1455877,43.00539082,19.454779,18.518339,18.266527,18.188278,18.237766,0.031392,7.412876E-3,7.246998E-3,8.780065E-3,0.020597
587742633347907672,5327,40,5,14,88,6,259.1482528,43.00282122,25.302114,24.309214,22.676435,21.274628,20.832691,0.912876,0.504369,0.194547,0.085587,0.160481
587742633347907673,5327,40,5,14,89,6,259.14589439,43.00665738,24.228855,22.738459,22.035234,21.703382,21.499182,1.085964,0.154039,0.114654,0.127802,0.278661
587742633347907794,5327,40,5,14,210,6,259.08792426,43.04783746,23.820633,22.546824,21.944258,21.811993,21.322639,0.916023,0.125529,0.103052,0.133822,0.236319
587742633347908069,5327,40,5,14,485,6,259.09321618,43.04723097,23.113176,21.2327,19.907988,19.492985,19.274191,0.568098,0.042975,0.020366,0.020604,0.044582
587742633347908195,5327,40,5,14,611,3,259.11554395,43.02619411,21.355408,20.532192,20.032681,19.907232,19.873222,0.168909,0.030927,0.02744,0.035849,0.095098
587742633347908210,5327,40,5,14,626,6,259.14947878,43.00039591,21.766315,20.77651,20.41169,20.291962,20.202881,0.185977,0.030583,0.029392,0.038058,0.095527
587742633347908300,5327,40,5,14,716,6,259.08737956,43.05390365,23.274807,22.10243,21.886778,21.589478,21.638369,0.695432,0.09358,0.107931,0.122796,0.333435
587742633347908320,5327,40,5,14,736,6,259.08956198,43.04585474,22.619476,21.806732,21.196932,20.91489,20.948412,0.385306,0.069214,0.056073,0.063823,0.182166
587742633347908350,5327,40,5,14,766,6,259.09978624,43.04061071,24.785061,23.062077,22.109266,22.274462,21.546185,1.095782,0.196469,0.119771,0.201318,0.281301
587742633347908372,5327,40,5,14,788,6,259.10346886,43.03396978,22.402449,21.642092,21.165899,20.916929,21.075602,0.324752,0.060255,0.05401,0.063459,0.198753
587742633347908373,5327,40,5,14,789,6,259.10184789,43.03342867,24.157824,23.155855,21.567316,21.665758,21.963156,1.088527,0.216333,0.076637,0.122089,0.381975
587742633347908458,5327,40,5,14,874,3,259.13049933,43.01127299,26.189651,22.511238,21.627756,21.322392,21.952957,0.859137,0.218644,0.143282,0.169398,0.71439
587742633347908756,5327,40,5,14,1172,6,259.08272793,43.05526022,25.50415,23.663147,22.721521,23.243767,21.836374,0.784992,0.319196,0.202045,0.430778,0.343926
587742633347908792,5327,40,5,14,1208,3,259.09738612,43.04009514,22.593302,23.251522,21.898037,22.033571,21.669334,0.46313,0.290689,0.126507,0.214076,0.40272
587742633347908870,5327,40,5,14,1286,3,259.15259485,43.00321222,23.668526,23.922689,22.536871,22.535631,22.090729,0.957834,0.454186,0.202166,0.304222,0.477676
587742633347909073,5327,40,5,14,1489,3,259.14319072,43.00306401,24.083391,23.405575,23.359247,21.890221,22.41596,1.190336,0.306134,0.406588,0.175178,0.546619
